operating_point,calibration_mode,condition,horizon,movies,nll_mean,coverage_50_mean,coverage_90_mean,calibration_error_mean,uncertainty_error_corr_mean,scale_factor_mean,update_scale_factor_mean,prior_scale_factor_mean,mean_step_scale_mean,mean_endpoint_scale_mean,source_path,source_sha256
h1_strict,frozen_base_scale,delay_1frame,1,6,2.568667019028846,0.4802203026754967,0.8982849058679326,0.0964639557181048,0.2603497257732877,1.0,1.0,1.0,2.4188314791447048,2.4188314791447048,outputs/lachance_foldlocal_semigroup_stress_v188_h1_2026-07-29/v157f_uncertainty_aggregate.csv,234684c9bb6a732f53bec961e4d413aee94f2e936fa2a5dd27186dd5c166f502
h1_strict,frozen_state_aware_scale,delay_1frame,1,6,2.569831749773907,0.5065083552416817,0.91367745790029,0.1016402281913266,0.2603497257732877,1.0666666666666669,1.0083333333333333,1.0666666666666669,2.5793247849782195,2.5793247849782195,outputs/lachance_foldlocal_semigroup_stress_v188_h1_2026-07-29/v157f_uncertainty_aggregate.csv,234684c9bb6a732f53bec961e4d413aee94f2e936fa2a5dd27186dd5c166f502
h1_strict,frozen_base_scale,missing_0.1,1,6,2.51998537683208,0.5022461522042667,0.9108317821760262,0.0882105101156487,0.2831209831031238,1.0,1.0,1.0,2.4188314791447048,2.4188314791447048,outputs/lachance_foldlocal_semigroup_stress_v188_h1_2026-07-29/v157f_uncertainty_aggregate.csv,234684c9bb6a732f53bec961e4d413aee94f2e936fa2a5dd27186dd5c166f502
h1_strict,frozen_state_aware_scale,missing_0.1,1,6,2.519902097530107,0.5072201259892272,0.9140814738791712,0.0942757004773028,0.2825043538537638,1.0140187542930956,1.0083333333333333,1.0666666666666669,2.4494771991385424,2.4494771991385424,outputs/lachance_foldlocal_semigroup_stress_v188_h1_2026-07-29/v157f_uncertainty_aggregate.csv,234684c9bb6a732f53bec961e4d413aee94f2e936fa2a5dd27186dd5c166f502
h1_strict,frozen_base_scale,missing_0.2,1,6,2.52162283096998,0.502085963891296,0.910175492448454,0.0898070567985728,0.2809762188845723,1.0,1.0,1.0,2.4188314791447048,2.4188314791447048,outputs/lachance_foldlocal_semigroup_stress_v188_h1_2026-07-29/v157f_uncertainty_aggregate.csv,234684c9bb6a732f53bec961e4d413aee94f2e936fa2a5dd27186dd5c166f502
h1_strict,frozen_state_aware_scale,missing_0.2,1,6,2.5219908794149135,0.5097199731093435,0.9147307209192558,0.0969422215037867,0.2794894228707602,1.0197930579375736,1.0083333333333333,1.0666666666666669,2.4635577911325153,2.4635577911325153,outputs/lachance_foldlocal_semigroup_stress_v188_h1_2026-07-29/v157f_uncertainty_aggregate.csv,234684c9bb6a732f53bec961e4d413aee94f2e936fa2a5dd27186dd5c166f502
h1_strict,frozen_base_scale,missing_0.4,1,6,2.524493334288434,0.5016450252160561,0.9090486581707372,0.0921252162551759,0.2794293399456054,1.0,1.0,1.0,2.4188314791447048,2.4188314791447048,outputs/lachance_foldlocal_semigroup_stress_v188_h1_2026-07-29/v157f_uncertainty_aggregate.csv,234684c9bb6a732f53bec961e4d413aee94f2e936fa2a5dd27186dd5c166f502
h1_strict,frozen_state_aware_scale,missing_0.4,1,6,2.5256909100510705,0.5133390952659991,0.9157604976937312,0.1005981009574213,0.2776505964224156,1.031148326526954,1.0083333333333333,1.0666666666666669,2.4913232778274343,2.4913232778274343,outputs/lachance_foldlocal_semigroup_stress_v188_h1_2026-07-29/v157f_uncertainty_aggregate.csv,234684c9bb6a732f53bec961e4d413aee94f2e936fa2a5dd27186dd5c166f502
h1_strict,frozen_base_scale,no_update,1,6,2.533611042772415,0.4995040884502505,0.9058512876584794,0.1006616841544681,0.2712148211339029,1.0,1.0,1.0,2.4188314791447048,2.4188314791447048,outputs/lachance_foldlocal_semigroup_stress_v188_h1_2026-07-29/v157f_uncertainty_aggregate.csv,234684c9bb6a732f53bec961e4d413aee94f2e936fa2a5dd27186dd5c166f502
h1_strict,frozen_state_aware_scale,no_update,1,6,2.5375792600537643,0.5256080029929571,0.9197596518651316,0.1145258606380265,0.271214821133903,1.0666666666666669,1.0083333333333333,1.0666666666666669,2.5793247849782195,2.5793247849782195,outputs/lachance_foldlocal_semigroup_stress_v188_h1_2026-07-29/v157f_uncertainty_aggregate.csv,234684c9bb6a732f53bec961e4d413aee94f2e936fa2a5dd27186dd5c166f502
h1_strict,frozen_base_scale,real_update_every_1,1,6,2.5185268995971044,0.5028939592647178,0.9113027138830944,0.0874165777827359,0.2838502750141866,1.0,1.0,1.0,2.4188314791447048,2.4188314791447048,outputs/lachance_foldlocal_semigroup_stress_v188_h1_2026-07-29/v157f_uncertainty_aggregate.csv,234684c9bb6a732f53bec961e4d413aee94f2e936fa2a5dd27186dd5c166f502
h1_strict,frozen_state_aware_scale,real_update_every_1,1,6,2.518082165945733,0.5056674822263413,0.9134463152029684,0.093258580562641,0.2838502750141864,1.0083333333333335,1.0083333333333333,1.0666666666666669,2.43555378648289,2.43555378648289,outputs/lachance_foldlocal_semigroup_stress_v188_h1_2026-07-29/v157f_uncertainty_aggregate.csv,234684c9bb6a732f53bec961e4d413aee94f2e936fa2a5dd27186dd5c166f502
h1_strict,frozen_base_scale,tracking_noise_0.5px,1,6,2.5209887185876423,0.501190743427641,0.911190026897577,0.0877207382213135,0.2822901895889749,1.0,1.0,1.0,2.4188314791447048,2.4188314791447048,outputs/lachance_foldlocal_semigroup_stress_v188_h1_2026-07-29/v157f_uncertainty_aggregate.csv,234684c9bb6a732f53bec961e4d413aee94f2e936fa2a5dd27186dd5c166f502
h1_strict,frozen_state_aware_scale,tracking_noise_0.5px,1,6,2.520914760914955,0.505628399116017,0.9140647413128026,0.0936111826138396,0.2821200089663454,1.0120381122786553,1.0083333333333333,1.0666666666666669,2.443035577927532,2.443035577927532,outputs/lachance_foldlocal_semigroup_stress_v188_h1_2026-07-29/v157f_uncertainty_aggregate.csv,234684c9bb6a732f53bec961e4d413aee94f2e936fa2a5dd27186dd5c166f502
h1_strict,frozen_base_scale,tracking_noise_1px,1,6,2.5284327278218885,0.4965354249498696,0.9097285514404208,0.0869845392831428,0.2768831933368603,1.0,1.0,1.0,2.4188314791447048,2.4188314791447048,outputs/lachance_foldlocal_semigroup_stress_v188_h1_2026-07-29/v157f_uncertainty_aggregate.csv,234684c9bb6a732f53bec961e4d413aee94f2e936fa2a5dd27186dd5c166f502
h1_strict,frozen_state_aware_scale,tracking_noise_1px,1,6,2.5291670501317447,0.5044678136229281,0.9144259885433458,0.0923519576497757,0.276482287163265,1.0209714783434352,1.0083333333333333,1.0666666666666669,2.4614197049791264,2.4614197049791264,outputs/lachance_foldlocal_semigroup_stress_v188_h1_2026-07-29/v157f_uncertainty_aggregate.csv,234684c9bb6a732f53bec961e4d413aee94f2e936fa2a5dd27186dd5c166f502
h1_strict,frozen_base_scale,tracking_noise_2px,1,6,2.550149710051799,0.4833267076667312,0.9050518213770852,0.0805819809759234,0.2636659376439504,1.0,1.0,1.0,2.4188314791447048,2.4188314791447048,outputs/lachance_foldlocal_semigroup_stress_v188_h1_2026-07-29/v157f_uncertainty_aggregate.csv,234684c9bb6a732f53bec961e4d413aee94f2e936fa2a5dd27186dd5c166f502
h1_strict,frozen_state_aware_scale,tracking_noise_2px,1,6,2.5513933755889293,0.4991151001726003,0.9136927773893184,0.0879652977713789,0.263517789747008,1.040718618206766,1.0083333333333333,1.0666666666666669,2.5039486759622975,2.5039486759622975,outputs/lachance_foldlocal_semigroup_stress_v188_h1_2026-07-29/v157f_uncertainty_aggregate.csv,234684c9bb6a732f53bec961e4d413aee94f2e936fa2a5dd27186dd5c166f502
h1_strict,frozen_base_scale,update_every_1,1,6,2.5185268995971044,0.5028939592647178,0.9113027138830944,0.0874165777827359,0.2838502750141866,1.0,1.0,1.0,2.4188314791447048,2.4188314791447048,outputs/lachance_foldlocal_semigroup_stress_v188_h1_2026-07-29/v157f_uncertainty_aggregate.csv,234684c9bb6a732f53bec961e4d413aee94f2e936fa2a5dd27186dd5c166f502
h1_strict,frozen_state_aware_scale,update_every_1,1,6,2.518082165945733,0.5056674822263413,0.9134463152029684,0.093258580562641,0.2838502750141864,1.0083333333333335,1.0083333333333333,1.0666666666666669,2.43555378648289,2.43555378648289,outputs/lachance_foldlocal_semigroup_stress_v188_h1_2026-07-29/v157f_uncertainty_aggregate.csv,234684c9bb6a732f53bec961e4d413aee94f2e936fa2a5dd27186dd5c166f502
h1_strict,frozen_base_scale,update_every_2,1,6,2.52852994701304,0.5009820966557622,0.90777887627454,0.0941609183816575,0.2755427176878741,1.0,1.0,1.0,2.4188314791447048,2.4188314791447048,outputs/lachance_foldlocal_semigroup_stress_v188_h1_2026-07-29/v157f_uncertainty_aggregate.csv,234684c9bb6a732f53bec961e4d413aee94f2e936fa2a5dd27186dd5c166f502
h1_strict,frozen_state_aware_scale,update_every_2,1,6,2.5302958586622144,0.5151122854865441,0.9160766330877348,0.1033032557621454,0.2719120048369514,1.0374715440115436,1.0083333333333333,1.0666666666666669,2.5069864087709894,2.5069864087709894,outputs/lachance_foldlocal_semigroup_stress_v188_h1_2026-07-29/v157f_uncertainty_aggregate.csv,234684c9bb6a732f53bec961e4d413aee94f2e936fa2a5dd27186dd5c166f502
h1_strict,frozen_base_scale,update_every_3,1,6,2.53044570358434,0.5004789681673244,0.9073413483041918,0.0973252409318641,0.2748100589156397,1.0,1.0,1.0,2.4188314791447048,2.4188314791447048,outputs/lachance_foldlocal_semigroup_stress_v188_h1_2026-07-29/v157f_uncertainty_aggregate.csv,234684c9bb6a732f53bec961e4d413aee94f2e936fa2a5dd27186dd5c166f502
h1_strict,frozen_state_aware_scale,update_every_3,1,6,2.5335292365884547,0.5187332157388654,0.9171650420015296,0.108523274033712,0.2700815265122522,1.0471896642959082,1.0083333333333333,1.0666666666666669,2.5308494545845472,2.5308494545845472,outputs/lachance_foldlocal_semigroup_stress_v188_h1_2026-07-29/v157f_uncertainty_aggregate.csv,234684c9bb6a732f53bec961e4d413aee94f2e936fa2a5dd27186dd5c166f502
h1_strict,frozen_base_scale,update_every_6,1,6,2.533652400555856,0.4990311781801149,0.906463482424715,0.0987683928581324,0.2725537025191496,1.0,1.0,1.0,2.4188314791447048,2.4188314791447048,outputs/lachance_foldlocal_semigroup_stress_v188_h1_2026-07-29/v157f_uncertainty_aggregate.csv,234684c9bb6a732f53bec961e4d413aee94f2e936fa2a5dd27186dd5c166f502
h1_strict,frozen_state_aware_scale,update_every_6,1,6,2.5373227510256924,0.5210529908758522,0.9183963024962116,0.1112598183892879,0.2690917536003522,1.0569242728796406,1.0083333333333333,1.0666666666666669,2.5545494528154844,2.5545494528154844,outputs/lachance_foldlocal_semigroup_stress_v188_h1_2026-07-29/v157f_uncertainty_aggregate.csv,234684c9bb6a732f53bec961e4d413aee94f2e936fa2a5dd27186dd5c166f502
h1_strict,frozen_base_scale,wrong_cell,1,6,2.548325947878885,0.4854921166950472,0.9046799737478884,0.0829021303409448,0.2768617329644955,1.0,1.0,1.0,2.4188314791447048,2.4188314791447048,outputs/lachance_foldlocal_semigroup_stress_v188_h1_2026-07-29/v157f_uncertainty_aggregate.csv,234684c9bb6a732f53bec961e4d413aee94f2e936fa2a5dd27186dd5c166f502
h1_strict,frozen_state_aware_scale,wrong_cell,1,6,2.5505344527977045,0.5123258600433046,0.919582190260468,0.0927750526127683,0.2768617329644956,1.0666666666666669,1.0083333333333333,1.0666666666666669,2.5793247849782195,2.5793247849782195,outputs/lachance_foldlocal_semigroup_stress_v188_h1_2026-07-29/v157f_uncertainty_aggregate.csv,234684c9bb6a732f53bec961e4d413aee94f2e936fa2a5dd27186dd5c166f502
h1_strict,frozen_base_scale,delay_1frame,2,6,2.985518692365318,0.4514653293589512,0.8289205016400136,0.1362023047990297,0.4389527684598117,1.0,1.0,1.0,2.4188314791447048,3.429459495235635,outputs/lachance_foldlocal_semigroup_stress_v188_h1_2026-07-29/v157f_uncertainty_aggregate.csv,234684c9bb6a732f53bec961e4d413aee94f2e936fa2a5dd27186dd5c166f502
h1_strict,frozen_state_aware_scale,delay_1frame,2,6,2.944692387234349,0.4763504038377693,0.8512388264200217,0.0995462052864883,0.4389527684598117,1.0666666666666669,1.0083333333333333,1.0666666666666669,2.5793247849782195,3.6569466174906906,outputs/lachance_foldlocal_semigroup_stress_v188_h1_2026-07-29/v157f_uncertainty_aggregate.csv,234684c9bb6a732f53bec961e4d413aee94f2e936fa2a5dd27186dd5c166f502
h1_strict,frozen_base_scale,missing_0.1,2,6,2.8662087172448714,0.4941563491119554,0.8603177792953653,0.1009584036677068,0.4317481464501272,1.0,1.0,1.0,2.4188314791447048,3.429459495235635,outputs/lachance_foldlocal_semigroup_stress_v188_h1_2026-07-29/v157f_uncertainty_aggregate.csv,234684c9bb6a732f53bec961e4d413aee94f2e936fa2a5dd27186dd5c166f502
h1_strict,frozen_state_aware_scale,missing_0.1,2,6,2.857316878589,0.4992517271106526,0.864806243895245,0.0967828906868072,0.4325528490273396,1.0140187542930956,1.0083333333333333,1.0666666666666669,2.4494771991385424,3.4735174429186135,outputs/lachance_foldlocal_semigroup_stress_v188_h1_2026-07-29/v157f_uncertainty_aggregate.csv,234684c9bb6a732f53bec961e4d413aee94f2e936fa2a5dd27186dd5c166f502
h1_strict,frozen_base_scale,missing_0.2,2,6,2.8758813805808394,0.4914216225056299,0.8574078165458596,0.1035917339428671,0.4333834206037503,1.0,1.0,1.0,2.4188314791447048,3.429459495235635,outputs/lachance_foldlocal_semigroup_stress_v188_h1_2026-07-29/v157f_uncertainty_aggregate.csv,234684c9bb6a732f53bec961e4d413aee94f2e936fa2a5dd27186dd5c166f502
h1_strict,frozen_state_aware_scale,missing_0.2,2,6,2.864323991197319,0.4990861344585396,0.864275292142613,0.0976031154640439,0.4344779141979256,1.0197930579375736,1.0083333333333333,1.0666666666666669,2.4635577911325153,3.4939589706630616,outputs/lachance_foldlocal_semigroup_stress_v188_h1_2026-07-29/v157f_uncertainty_aggregate.csv,234684c9bb6a732f53bec961e4d413aee94f2e936fa2a5dd27186dd5c166f502
h1_strict,frozen_base_scale,missing_0.4,2,6,2.894519229211955,0.4850905677811455,0.8525386241586957,0.1075524806988847,0.436871522473669,1.0,1.0,1.0,2.4188314791447048,3.429459495235635,outputs/lachance_foldlocal_semigroup_stress_v188_h1_2026-07-29/v157f_uncertainty_aggregate.csv,234684c9bb6a732f53bec961e4d413aee94f2e936fa2a5dd27186dd5c166f502
h1_strict,frozen_state_aware_scale,missing_0.4,2,6,2.876589702623944,0.4970937709194027,0.86227293608028,0.0978302159816835,0.4389290125010857,1.031148326526954,1.0083333333333333,1.0666666666666669,2.4913232778274343,3.534341281898451,outputs/lachance_foldlocal_semigroup_stress_v188_h1_2026-07-29/v157f_uncertainty_aggregate.csv,234684c9bb6a732f53bec961e4d413aee94f2e936fa2a5dd27186dd5c166f502
h1_strict,frozen_base_scale,no_update,2,6,2.954521639703192,0.4621443347466742,0.8347996071320645,0.1291041431762329,0.4491702849338811,1.0,1.0,1.0,2.4188314791447048,3.429459495235635,outputs/lachance_foldlocal_semigroup_stress_v188_h1_2026-07-29/v157f_uncertainty_aggregate.csv,234684c9bb6a732f53bec961e4d413aee94f2e936fa2a5dd27186dd5c166f502
h1_strict,frozen_state_aware_scale,no_update,2,6,2.9176278509949447,0.4879417795006409,0.8563702025008845,0.102795242581871,0.449170284933881,1.0666666666666669,1.0083333333333333,1.0666666666666669,2.5793247849782195,3.6569466174906906,outputs/lachance_foldlocal_semigroup_stress_v188_h1_2026-07-29/v157f_uncertainty_aggregate.csv,234684c9bb6a732f53bec961e4d413aee94f2e936fa2a5dd27186dd5c166f502
h1_strict,frozen_base_scale,real_update_every_1,2,6,2.8569327625943557,0.4974809068962425,0.8627246252269175,0.0997941681190613,0.4300747686718886,1.0,1.0,1.0,2.4188314791447048,3.429459495235635,outputs/lachance_foldlocal_semigroup_stress_v188_h1_2026-07-29/v157f_uncertainty_aggregate.csv,234684c9bb6a732f53bec961e4d413aee94f2e936fa2a5dd27186dd5c166f502
h1_strict,frozen_state_aware_scale,real_update_every_1,2,6,2.851263933348683,0.5005904445923012,0.8656722261022618,0.0967362662754063,0.4300747686718886,1.0083333333333335,1.0083333333333333,1.0666666666666669,2.43555378648289,3.453091789827042,outputs/lachance_foldlocal_semigroup_stress_v188_h1_2026-07-29/v157f_uncertainty_aggregate.csv,234684c9bb6a732f53bec961e4d413aee94f2e936fa2a5dd27186dd5c166f502
h1_strict,frozen_base_scale,tracking_noise_0.5px,2,6,2.859351422577643,0.4965073701541611,0.8626103572005838,0.0997447156636085,0.4284807215972934,1.0,1.0,1.0,2.4188314791447048,3.429459495235635,outputs/lachance_foldlocal_semigroup_stress_v188_h1_2026-07-29/v157f_uncertainty_aggregate.csv,234684c9bb6a732f53bec961e4d413aee94f2e936fa2a5dd27186dd5c166f502
h1_strict,frozen_state_aware_scale,tracking_noise_0.5px,2,6,2.8531105596906117,0.5004936050027039,0.8663704852173225,0.0973984318099224,0.4284851081138521,1.0120381122786553,1.0083333333333333,1.0666666666666669,2.443035577927532,3.463565718580346,outputs/lachance_foldlocal_semigroup_stress_v188_h1_2026-07-29/v157f_uncertainty_aggregate.csv,234684c9bb6a732f53bec961e4d413aee94f2e936fa2a5dd27186dd5c166f502
h1_strict,frozen_base_scale,tracking_noise_1px,2,6,2.8698935830163834,0.4893795380210297,0.8592479920361257,0.1010581359270386,0.4214729173501039,1.0,1.0,1.0,2.4188314791447048,3.429459495235635,outputs/lachance_foldlocal_semigroup_stress_v188_h1_2026-07-29/v157f_uncertainty_aggregate.csv,234684c9bb6a732f53bec961e4d413aee94f2e936fa2a5dd27186dd5c166f502
h1_strict,frozen_state_aware_scale,tracking_noise_1px,2,6,2.8620959063758744,0.4974913764639477,0.8655779107684092,0.0968448932078767,0.4214852565188603,1.0209714783434352,1.0083333333333333,1.0666666666666669,2.4614197049791264,3.4893723033726847,outputs/lachance_foldlocal_semigroup_stress_v188_h1_2026-07-29/v157f_uncertainty_aggregate.csv,234684c9bb6a732f53bec961e4d413aee94f2e936fa2a5dd27186dd5c166f502
h1_strict,frozen_base_scale,tracking_noise_2px,2,6,2.906226485392446,0.4680335673154312,0.8481516023620118,0.1051199680282088,0.400339679774943,1.0,1.0,1.0,2.4188314791447048,3.429459495235635,outputs/lachance_foldlocal_semigroup_stress_v188_h1_2026-07-29/v157f_uncertainty_aggregate.csv,234684c9bb6a732f53bec961e4d413aee94f2e936fa2a5dd27186dd5c166f502
h1_strict,frozen_state_aware_scale,tracking_noise_2px,2,6,2.8919075103434277,0.4840556357839906,0.860510725767366,0.0946738460533489,0.4010280542645819,1.040718618206766,1.0083333333333333,1.0666666666666669,2.5039486759622975,3.5494884387769634,outputs/lachance_foldlocal_semigroup_stress_v188_h1_2026-07-29/v157f_uncertainty_aggregate.csv,234684c9bb6a732f53bec961e4d413aee94f2e936fa2a5dd27186dd5c166f502
h1_strict,frozen_base_scale,update_every_1,2,6,2.8569327625943557,0.4974809068962425,0.8627246252269175,0.0997941681190613,0.4300747686718886,1.0,1.0,1.0,2.4188314791447048,3.429459495235635,outputs/lachance_foldlocal_semigroup_stress_v188_h1_2026-07-29/v157f_uncertainty_aggregate.csv,234684c9bb6a732f53bec961e4d413aee94f2e936fa2a5dd27186dd5c166f502
h1_strict,frozen_state_aware_scale,update_every_1,2,6,2.851263933348683,0.5005904445923012,0.8656722261022618,0.0967362662754063,0.4300747686718886,1.0083333333333335,1.0083333333333333,1.0666666666666669,2.43555378648289,3.453091789827042,outputs/lachance_foldlocal_semigroup_stress_v188_h1_2026-07-29/v157f_uncertainty_aggregate.csv,234684c9bb6a732f53bec961e4d413aee94f2e936fa2a5dd27186dd5c166f502
h1_strict,frozen_base_scale,update_every_2,2,6,2.9098735165951126,0.4807674497485452,0.8480858576427134,0.1146083411212945,0.4377502818190237,1.0,1.0,1.0,2.4188314791447048,3.429459495235635,outputs/lachance_foldlocal_semigroup_stress_v188_h1_2026-07-29/v157f_uncertainty_aggregate.csv,234684c9bb6a732f53bec961e4d413aee94f2e936fa2a5dd27186dd5c166f502
h1_strict,frozen_state_aware_scale,update_every_2,2,6,2.889001812368002,0.4948248667604709,0.8604676896253842,0.100905491775714,0.4378859313615253,1.0374715440115436,1.0083333333333333,1.0666666666666669,2.5069864087709894,3.557044182701341,outputs/lachance_foldlocal_semigroup_stress_v188_h1_2026-07-29/v157f_uncertainty_aggregate.csv,234684c9bb6a732f53bec961e4d413aee94f2e936fa2a5dd27186dd5c166f502
h1_strict,frozen_base_scale,update_every_3,2,6,2.92210808594268,0.4771362361764664,0.8441079910359807,0.1172956727540958,0.4428675123420689,1.0,1.0,1.0,2.4188314791447048,3.429459495235635,outputs/lachance_foldlocal_semigroup_stress_v188_h1_2026-07-29/v157f_uncertainty_aggregate.csv,234684c9bb6a732f53bec961e4d413aee94f2e936fa2a5dd27186dd5c166f502
h1_strict,frozen_state_aware_scale,update_every_3,2,6,2.896227425443307,0.4950739465387245,0.8597929232031821,0.1010233549720073,0.4430437968652148,1.0471896642959082,1.0083333333333333,1.0666666666666669,2.5308494545845472,3.5911145543164533,outputs/lachance_foldlocal_semigroup_stress_v188_h1_2026-07-29/v157f_uncertainty_aggregate.csv,234684c9bb6a732f53bec961e4d413aee94f2e936fa2a5dd27186dd5c166f502
h1_strict,frozen_base_scale,update_every_6,2,6,2.9408002443166814,0.4688846739557886,0.8389194348055485,0.1232820335607602,0.4463182502870786,1.0,1.0,1.0,2.4188314791447048,3.429459495235635,outputs/lachance_foldlocal_semigroup_stress_v188_h1_2026-07-29/v157f_uncertainty_aggregate.csv,234684c9bb6a732f53bec961e4d413aee94f2e936fa2a5dd27186dd5c166f502
h1_strict,frozen_state_aware_scale,update_every_6,2,6,2.9090093819805336,0.4905263481169069,0.8577113628486476,0.1001851400463453,0.4468003588048011,1.0569242728796406,1.0083333333333333,1.0666666666666669,2.5545494528154844,3.624840261284953,outputs/lachance_foldlocal_semigroup_stress_v188_h1_2026-07-29/v157f_uncertainty_aggregate.csv,234684c9bb6a732f53bec961e4d413aee94f2e936fa2a5dd27186dd5c166f502
h1_strict,frozen_base_scale,wrong_cell,2,6,3.0072566670234395,0.4395791593383571,0.820397755115812,0.1499783833590482,0.436136397367415,1.0,1.0,1.0,2.4188314791447048,3.429459495235635,outputs/lachance_foldlocal_semigroup_stress_v188_h1_2026-07-29/v157f_uncertainty_aggregate.csv,234684c9bb6a732f53bec961e4d413aee94f2e936fa2a5dd27186dd5c166f502
h1_strict,frozen_state_aware_scale,wrong_cell,2,6,2.9633240959749263,0.4646332247437409,0.8441265730929302,0.1115132479528661,0.436136397367415,1.0666666666666669,1.0083333333333333,1.0666666666666669,2.5793247849782195,3.6569466174906906,outputs/lachance_foldlocal_semigroup_stress_v188_h1_2026-07-29/v157f_uncertainty_aggregate.csv,234684c9bb6a732f53bec961e4d413aee94f2e936fa2a5dd27186dd5c166f502
h1_strict,frozen_base_scale,delay_1frame,4,6,3.164415711075744,0.4797605653883048,0.856257410988182,0.1057633691892623,0.4767989499064293,1.0,1.0,1.0,2.4188314791447048,4.8569595484383035,outputs/lachance_foldlocal_semigroup_stress_v188_h1_2026-07-29/v157f_uncertainty_aggregate.csv,234684c9bb6a732f53bec961e4d413aee94f2e936fa2a5dd27186dd5c166f502
h1_strict,frozen_state_aware_scale,delay_1frame,4,6,3.1463229973844515,0.5056847634173145,0.8772181737259728,0.0918714652258619,0.4767989499064293,1.0666666666666669,1.0083333333333333,1.0666666666666669,2.5793247849782195,5.179011048496728,outputs/lachance_foldlocal_semigroup_stress_v188_h1_2026-07-29/v157f_uncertainty_aggregate.csv,234684c9bb6a732f53bec961e4d413aee94f2e936fa2a5dd27186dd5c166f502
h1_strict,frozen_base_scale,missing_0.1,4,6,3.0956897070277383,0.5103904855218817,0.8756010649354021,0.0972645173239733,0.488801051355378,1.0,1.0,1.0,2.4188314791447048,4.8569595484383035,outputs/lachance_foldlocal_semigroup_stress_v188_h1_2026-07-29/v157f_uncertainty_aggregate.csv,234684c9bb6a732f53bec961e4d413aee94f2e936fa2a5dd27186dd5c166f502
h1_strict,frozen_state_aware_scale,missing_0.1,4,6,3.0913189423461147,0.5162162415826442,0.8802834737787669,0.0995912545549111,0.4898226534884457,1.0140187542930956,1.0083333333333333,1.0666666666666669,2.4494771991385424,4.9197218269266285,outputs/lachance_foldlocal_semigroup_stress_v188_h1_2026-07-29/v157f_uncertainty_aggregate.csv,234684c9bb6a732f53bec961e4d413aee94f2e936fa2a5dd27186dd5c166f502
h1_strict,frozen_base_scale,missing_0.2,4,6,3.1119546920924073,0.5038387818359146,0.8708269105406515,0.0965688570127688,0.4881572175856378,1.0,1.0,1.0,2.4188314791447048,4.8569595484383035,outputs/lachance_foldlocal_semigroup_stress_v188_h1_2026-07-29/v157f_uncertainty_aggregate.csv,234684c9bb6a732f53bec961e4d413aee94f2e936fa2a5dd27186dd5c166f502
h1_strict,frozen_state_aware_scale,missing_0.2,4,6,3.1054580056981127,0.5119371323678382,0.8775596964207973,0.0973540088444798,0.490462662443627,1.0197930579375736,1.0083333333333333,1.0666666666666669,2.4635577911325153,4.949016094609747,outputs/lachance_foldlocal_semigroup_stress_v188_h1_2026-07-29/v157f_uncertainty_aggregate.csv,234684c9bb6a732f53bec961e4d413aee94f2e936fa2a5dd27186dd5c166f502
h1_strict,frozen_base_scale,missing_0.4,4,6,3.1443071832353056,0.4911863945795566,0.862333075615778,0.1018009855524816,0.4889280918894687,1.0,1.0,1.0,2.4188314791447048,4.8569595484383035,outputs/lachance_foldlocal_semigroup_stress_v188_h1_2026-07-29/v157f_uncertainty_aggregate.csv,234684c9bb6a732f53bec961e4d413aee94f2e936fa2a5dd27186dd5c166f502
h1_strict,frozen_state_aware_scale,missing_0.4,4,6,3.133149572902704,0.5039244030288922,0.8726584859181673,0.0941127297216634,0.4918088877571279,1.031148326526954,1.0083333333333333,1.0666666666666669,2.4913232778274343,5.007003581081326,outputs/lachance_foldlocal_semigroup_stress_v188_h1_2026-07-29/v157f_uncertainty_aggregate.csv,234684c9bb6a732f53bec961e4d413aee94f2e936fa2a5dd27186dd5c166f502
h1_strict,frozen_base_scale,no_update,4,6,3.2489491852105794,0.4519397452531208,0.8323563881028203,0.1346386270925806,0.4917408467103918,1.0,1.0,1.0,2.4188314791447048,4.8569595484383035,outputs/lachance_foldlocal_semigroup_stress_v188_h1_2026-07-29/v157f_uncertainty_aggregate.csv,234684c9bb6a732f53bec961e4d413aee94f2e936fa2a5dd27186dd5c166f502
h1_strict,frozen_state_aware_scale,no_update,4,6,3.219200236519417,0.4768692043185911,0.8555863723057717,0.1039914097883651,0.4917408467103914,1.0666666666666669,1.0083333333333333,1.0666666666666669,2.5793247849782195,5.179011048496728,outputs/lachance_foldlocal_semigroup_stress_v188_h1_2026-07-29/v157f_uncertainty_aggregate.csv,234684c9bb6a732f53bec961e4d413aee94f2e936fa2a5dd27186dd5c166f502
h1_strict,frozen_base_scale,real_update_every_1,4,6,3.079948254801383,0.5168629744939935,0.8801990631908816,0.0989964457481194,0.4879714446962273,1.0,1.0,1.0,2.4188314791447048,4.8569595484383035,outputs/lachance_foldlocal_semigroup_stress_v188_h1_2026-07-29/v157f_uncertainty_aggregate.csv,234684c9bb6a732f53bec961e4d413aee94f2e936fa2a5dd27186dd5c166f502
h1_strict,frozen_state_aware_scale,real_update_every_1,4,6,3.077427878057932,0.520133807534305,0.8827799435830976,0.1034605438662986,0.4879714446962271,1.0083333333333335,1.0083333333333333,1.0666666666666669,2.43555378648289,4.890266519690744,outputs/lachance_foldlocal_semigroup_stress_v188_h1_2026-07-29/v157f_uncertainty_aggregate.csv,234684c9bb6a732f53bec961e4d413aee94f2e936fa2a5dd27186dd5c166f502
h1_strict,frozen_base_scale,tracking_noise_0.5px,4,6,3.083003574605812,0.5146343878361942,0.8794011457818677,0.0973680018538307,0.48521890611233,1.0,1.0,1.0,2.4188314791447048,4.8569595484383035,outputs/lachance_foldlocal_semigroup_stress_v188_h1_2026-07-29/v157f_uncertainty_aggregate.csv,234684c9bb6a732f53bec961e4d413aee94f2e936fa2a5dd27186dd5c166f502
h1_strict,frozen_state_aware_scale,tracking_noise_0.5px,4,6,3.0810095869038374,0.5191608264373136,0.8828575995327951,0.1022753303718583,0.4852708892467292,1.0120381122786553,1.0083333333333333,1.0666666666666669,2.443035577927532,4.904851516253301,outputs/lachance_foldlocal_semigroup_stress_v188_h1_2026-07-29/v157f_uncertainty_aggregate.csv,234684c9bb6a732f53bec961e4d413aee94f2e936fa2a5dd27186dd5c166f502
h1_strict,frozen_base_scale,tracking_noise_1px,4,6,3.098072761362214,0.5026009687262357,0.875387867858897,0.096890516696845,0.4719882274053215,1.0,1.0,1.0,2.4188314791447048,4.8569595484383035,outputs/lachance_foldlocal_semigroup_stress_v188_h1_2026-07-29/v157f_uncertainty_aggregate.csv,234684c9bb6a732f53bec961e4d413aee94f2e936fa2a5dd27186dd5c166f502
h1_strict,frozen_state_aware_scale,tracking_noise_1px,4,6,3.0969598924557205,0.5103705835256565,0.8802874337803499,0.0964271284771298,0.472147828794368,1.0209714783434352,1.0083333333333333,1.0666666666666669,2.4614197049791264,4.940911390583677,outputs/lachance_foldlocal_semigroup_stress_v188_h1_2026-07-29/v157f_uncertainty_aggregate.csv,234684c9bb6a732f53bec961e4d413aee94f2e936fa2a5dd27186dd5c166f502
h1_strict,frozen_base_scale,tracking_noise_2px,4,6,3.1565344280398975,0.4652540994798755,0.8578565202823931,0.0998226438927461,0.4274158304392947,1.0,1.0,1.0,2.4188314791447048,4.8569595484383035,outputs/lachance_foldlocal_semigroup_stress_v188_h1_2026-07-29/v157f_uncertainty_aggregate.csv,234684c9bb6a732f53bec961e4d413aee94f2e936fa2a5dd27186dd5c166f502
h1_strict,frozen_state_aware_scale,tracking_noise_2px,4,6,3.1521523533904343,0.4816070389577653,0.8695788928171915,0.0927529255006209,0.4284517206673232,1.040718618206766,1.0083333333333333,1.0666666666666669,2.5039486759622975,5.0256414336615185,outputs/lachance_foldlocal_semigroup_stress_v188_h1_2026-07-29/v157f_uncertainty_aggregate.csv,234684c9bb6a732f53bec961e4d413aee94f2e936fa2a5dd27186dd5c166f502
h1_strict,frozen_base_scale,update_every_1,4,6,3.079948254801383,0.5168629744939935,0.8801990631908816,0.0989964457481194,0.4879714446962273,1.0,1.0,1.0,2.4188314791447048,4.8569595484383035,outputs/lachance_foldlocal_semigroup_stress_v188_h1_2026-07-29/v157f_uncertainty_aggregate.csv,234684c9bb6a732f53bec961e4d413aee94f2e936fa2a5dd27186dd5c166f502
h1_strict,frozen_state_aware_scale,update_every_1,4,6,3.077427878057932,0.520133807534305,0.8827799435830976,0.1034605438662986,0.4879714446962271,1.0083333333333335,1.0083333333333333,1.0666666666666669,2.43555378648289,4.890266519690744,outputs/lachance_foldlocal_semigroup_stress_v188_h1_2026-07-29/v157f_uncertainty_aggregate.csv,234684c9bb6a732f53bec961e4d413aee94f2e936fa2a5dd27186dd5c166f502
h1_strict,frozen_base_scale,update_every_2,4,6,3.166458582021088,0.4832087559219776,0.8554117338762258,0.1084531498616631,0.490714695595126,1.0,1.0,1.0,2.4188314791447048,4.8569595484383035,outputs/lachance_foldlocal_semigroup_stress_v188_h1_2026-07-29/v157f_uncertainty_aggregate.csv,234684c9bb6a732f53bec961e4d413aee94f2e936fa2a5dd27186dd5c166f502
h1_strict,frozen_state_aware_scale,update_every_2,4,6,3.153150638227215,0.4977498543949835,0.8676664303896321,0.0969025496413846,0.4909391476751047,1.0374715440115436,1.0083333333333333,1.0666666666666669,2.5069864087709894,5.037590842933446,outputs/lachance_foldlocal_semigroup_stress_v188_h1_2026-07-29/v157f_uncertainty_aggregate.csv,234684c9bb6a732f53bec961e4d413aee94f2e936fa2a5dd27186dd5c166f502
h1_strict,frozen_base_scale,update_every_3,4,6,3.1859700250997336,0.4753765744428704,0.8501145832436251,0.1133988602492198,0.4924082426754501,1.0,1.0,1.0,2.4188314791447048,4.8569595484383035,outputs/lachance_foldlocal_semigroup_stress_v188_h1_2026-07-29/v157f_uncertainty_aggregate.csv,234684c9bb6a732f53bec961e4d413aee94f2e936fa2a5dd27186dd5c166f502
h1_strict,frozen_state_aware_scale,update_every_3,4,6,3.1686889681251187,0.4938782745413352,0.8663097230479223,0.0960527962819067,0.4922205258467538,1.0471896642959082,1.0083333333333333,1.0666666666666669,2.5308494545845472,5.08525638803385,outputs/lachance_foldlocal_semigroup_stress_v188_h1_2026-07-29/v157f_uncertainty_aggregate.csv,234684c9bb6a732f53bec961e4d413aee94f2e936fa2a5dd27186dd5c166f502
h1_strict,frozen_base_scale,update_every_6,4,6,3.222371385117956,0.4620822639606556,0.8396508588615835,0.1245538292674651,0.4924884585308191,1.0,1.0,1.0,2.4188314791447048,4.8569595484383035,outputs/lachance_foldlocal_semigroup_stress_v188_h1_2026-07-29/v157f_uncertainty_aggregate.csv,234684c9bb6a732f53bec961e4d413aee94f2e936fa2a5dd27186dd5c166f502
h1_strict,frozen_state_aware_scale,update_every_6,4,6,3.198215565755167,0.4836616872681707,0.8596331303643971,0.0992357311487067,0.492842194310602,1.0569242728796406,1.0083333333333333,1.0666666666666669,2.5545494528154844,5.1338829906895045,outputs/lachance_foldlocal_semigroup_stress_v188_h1_2026-07-29/v157f_uncertainty_aggregate.csv,234684c9bb6a732f53bec961e4d413aee94f2e936fa2a5dd27186dd5c166f502
h1_strict,frozen_base_scale,wrong_cell,4,6,3.307120745239759,0.4283629012310284,0.8161040230299218,0.1581324641182546,0.4722819286512541,1.0,1.0,1.0,2.4188314791447048,4.8569595484383035,outputs/lachance_foldlocal_semigroup_stress_v188_h1_2026-07-29/v157f_uncertainty_aggregate.csv,234684c9bb6a732f53bec961e4d413aee94f2e936fa2a5dd27186dd5c166f502
h1_strict,frozen_state_aware_scale,wrong_cell,4,6,3.270002239433442,0.4536330692598784,0.841272962643898,0.1165363738046844,0.4722819286512538,1.0666666666666669,1.0083333333333333,1.0666666666666669,2.5793247849782195,5.179011048496728,outputs/lachance_foldlocal_semigroup_stress_v188_h1_2026-07-29/v157f_uncertainty_aggregate.csv,234684c9bb6a732f53bec961e4d413aee94f2e936fa2a5dd27186dd5c166f502
h1_strict,frozen_base_scale,delay_1frame,6,6,3.3179789067269705,0.4858466791712996,0.8650870307743661,0.0982039887878292,0.4628292904025525,1.0,1.0,1.0,2.4188314791447048,5.950958571075938,outputs/lachance_foldlocal_semigroup_stress_v188_h1_2026-07-29/v157f_uncertainty_aggregate.csv,234684c9bb6a732f53bec961e4d413aee94f2e936fa2a5dd27186dd5c166f502
h1_strict,frozen_state_aware_scale,delay_1frame,6,6,3.307752554603421,0.5128046168355398,0.8855643292038051,0.0900613881400518,0.4628292904025521,1.0666666666666669,1.0083333333333333,1.0666666666666669,2.5793247849782195,6.3454634371523175,outputs/lachance_foldlocal_semigroup_stress_v188_h1_2026-07-29/v157f_uncertainty_aggregate.csv,234684c9bb6a732f53bec961e4d413aee94f2e936fa2a5dd27186dd5c166f502
h1_strict,frozen_base_scale,missing_0.1,6,6,3.2734582752610053,0.5048782970918297,0.8787096806801604,0.0862917725940215,0.4756615269551306,1.0,1.0,1.0,2.4188314791447048,5.950958571075938,outputs/lachance_foldlocal_semigroup_stress_v188_h1_2026-07-29/v157f_uncertainty_aggregate.csv,234684c9bb6a732f53bec961e4d413aee94f2e936fa2a5dd27186dd5c166f502
h1_strict,frozen_state_aware_scale,missing_0.1,6,6,3.2711902893845086,0.5109765427686034,0.8830884024739701,0.0890390979471396,0.4765256015444507,1.0140187542930956,1.0083333333333333,1.0666666666666669,2.4494771991385424,6.027992093766922,outputs/lachance_foldlocal_semigroup_stress_v188_h1_2026-07-29/v157f_uncertainty_aggregate.csv,234684c9bb6a732f53bec961e4d413aee94f2e936fa2a5dd27186dd5c166f502
h1_strict,frozen_base_scale,missing_0.2,6,6,3.2915855084187027,0.4985121733877012,0.8733043040748943,0.090359325725708,0.4746830422252289,1.0,1.0,1.0,2.4188314791447048,5.950958571075938,outputs/lachance_foldlocal_semigroup_stress_v188_h1_2026-07-29/v157f_uncertainty_aggregate.csv,234684c9bb6a732f53bec961e4d413aee94f2e936fa2a5dd27186dd5c166f502
h1_strict,frozen_state_aware_scale,missing_0.2,6,6,3.287441072051349,0.506278272026394,0.8797300756703099,0.0879275884521802,0.4771755949968718,1.0197930579375736,1.0083333333333333,1.0666666666666669,2.4635577911325153,6.063927166757344,outputs/lachance_foldlocal_semigroup_stress_v188_h1_2026-07-29/v157f_uncertainty_aggregate.csv,234684c9bb6a732f53bec961e4d413aee94f2e936fa2a5dd27186dd5c166f502
h1_strict,frozen_base_scale,missing_0.4,6,6,3.327522799420787,0.4840203819184698,0.8630027327761552,0.1000127247017639,0.4739616671818902,1.0,1.0,1.0,2.4188314791447048,5.950958571075938,outputs/lachance_foldlocal_semigroup_stress_v188_h1_2026-07-29/v157f_uncertainty_aggregate.csv,234684c9bb6a732f53bec961e4d413aee94f2e936fa2a5dd27186dd5c166f502
h1_strict,frozen_state_aware_scale,missing_0.4,6,6,3.319054044121229,0.4964744573694379,0.8733279021869053,0.0865437276733791,0.4766005613480042,1.031148326526954,1.0083333333333333,1.0666666666666669,2.4913232778274343,6.135481218575122,outputs/lachance_foldlocal_semigroup_stress_v188_h1_2026-07-29/v157f_uncertainty_aggregate.csv,234684c9bb6a732f53bec961e4d413aee94f2e936fa2a5dd27186dd5c166f502
h1_strict,frozen_base_scale,no_update,6,6,3.4472629139164757,0.4426683357874676,0.8292336673631651,0.1418813436561579,0.4698330506551123,1.0,1.0,1.0,2.4188314791447048,5.950958571075938,outputs/lachance_foldlocal_semigroup_stress_v188_h1_2026-07-29/v157f_uncertainty_aggregate.csv,234684c9bb6a732f53bec961e4d413aee94f2e936fa2a5dd27186dd5c166f502
h1_strict,frozen_state_aware_scale,no_update,6,6,3.419235020897999,0.4682781536746305,0.8526293514951907,0.103977970443221,0.4698330506551125,1.0666666666666669,1.0083333333333333,1.0666666666666669,2.5793247849782195,6.3454634371523175,outputs/lachance_foldlocal_semigroup_stress_v188_h1_2026-07-29/v157f_uncertainty_aggregate.csv,234684c9bb6a732f53bec961e4d413aee94f2e936fa2a5dd27186dd5c166f502
h1_strict,frozen_base_scale,real_update_every_1,6,6,3.256532717912434,0.5121162134098026,0.8835686465263054,0.0894435244521498,0.4756830010059353,1.0,1.0,1.0,2.4188314791447048,5.950958571075938,outputs/lachance_foldlocal_semigroup_stress_v188_h1_2026-07-29/v157f_uncertainty_aggregate.csv,234684c9bb6a732f53bec961e4d413aee94f2e936fa2a5dd27186dd5c166f502
h1_strict,frozen_state_aware_scale,real_update_every_1,6,6,3.2557224961748656,0.5157982156448825,0.8860972405176132,0.0927219115620995,0.4756830010059354,1.0083333333333335,1.0083333333333333,1.0666666666666669,2.43555378648289,5.991662820479643,outputs/lachance_foldlocal_semigroup_stress_v188_h1_2026-07-29/v157f_uncertainty_aggregate.csv,234684c9bb6a732f53bec961e4d413aee94f2e936fa2a5dd27186dd5c166f502
h1_strict,frozen_base_scale,tracking_noise_0.5px,6,6,3.2598247109383465,0.509182304475266,0.8826004816265147,0.0877426471085575,0.4720327150377055,1.0,1.0,1.0,2.4188314791447048,5.950958571075938,outputs/lachance_foldlocal_semigroup_stress_v188_h1_2026-07-29/v157f_uncertainty_aggregate.csv,234684c9bb6a732f53bec961e4d413aee94f2e936fa2a5dd27186dd5c166f502
h1_strict,frozen_state_aware_scale,tracking_noise_0.5px,6,6,3.25966435889761,0.5143965101211426,0.8857433515185026,0.090389173407483,0.4720716578923957,1.0120381122786553,1.0083333333333333,1.0666666666666669,2.443035577927532,6.009282201426346,outputs/lachance_foldlocal_semigroup_stress_v188_h1_2026-07-29/v157f_uncertainty_aggregate.csv,234684c9bb6a732f53bec961e4d413aee94f2e936fa2a5dd27186dd5c166f502
h1_strict,frozen_base_scale,tracking_noise_1px,6,6,3.2771477549811174,0.4973874566828105,0.8777354979340367,0.0933107303998949,0.4538462617558116,1.0,1.0,1.0,2.4188314791447048,5.950958571075938,outputs/lachance_foldlocal_semigroup_stress_v188_h1_2026-07-29/v157f_uncertainty_aggregate.csv,234684c9bb6a732f53bec961e4d413aee94f2e936fa2a5dd27186dd5c166f502
h1_strict,frozen_state_aware_scale,tracking_noise_1px,6,6,3.278224425253827,0.5050798123469779,0.882984968665864,0.0887832391529527,0.4539292441008729,1.0209714783434352,1.0083333333333333,1.0666666666666669,2.4614197049791264,6.0529946678565905,outputs/lachance_foldlocal_semigroup_stress_v188_h1_2026-07-29/v157f_uncertainty_aggregate.csv,234684c9bb6a732f53bec961e4d413aee94f2e936fa2a5dd27186dd5c166f502
h1_strict,frozen_base_scale,tracking_noise_2px,6,6,3.3498375440574133,0.45374030265339,0.8549459911459509,0.1090189720772831,0.3894397071395667,1.0,1.0,1.0,2.4188314791447048,5.950958571075938,outputs/lachance_foldlocal_semigroup_stress_v188_h1_2026-07-29/v157f_uncertainty_aggregate.csv,234684c9bb6a732f53bec961e4d413aee94f2e936fa2a5dd27186dd5c166f502
h1_strict,frozen_state_aware_scale,tracking_noise_2px,6,6,3.3476085160391467,0.4703931691847466,0.8669228157694365,0.10257370414585,0.3903938434734673,1.040718618206766,1.0083333333333333,1.0666666666666669,2.5039486759622975,6.156418270030987,outputs/lachance_foldlocal_semigroup_stress_v188_h1_2026-07-29/v157f_uncertainty_aggregate.csv,234684c9bb6a732f53bec961e4d413aee94f2e936fa2a5dd27186dd5c166f502
h1_strict,frozen_base_scale,update_every_1,6,6,3.256532717912434,0.5121162134098026,0.8835686465263054,0.0894435244521498,0.4756830010059353,1.0,1.0,1.0,2.4188314791447048,5.950958571075938,outputs/lachance_foldlocal_semigroup_stress_v188_h1_2026-07-29/v157f_uncertainty_aggregate.csv,234684c9bb6a732f53bec961e4d413aee94f2e936fa2a5dd27186dd5c166f502
h1_strict,frozen_state_aware_scale,update_every_1,6,6,3.2557224961748656,0.5157982156448825,0.8860972405176132,0.0927219115620995,0.4756830010059354,1.0083333333333335,1.0083333333333333,1.0666666666666669,2.43555378648289,5.991662820479643,outputs/lachance_foldlocal_semigroup_stress_v188_h1_2026-07-29/v157f_uncertainty_aggregate.csv,234684c9bb6a732f53bec961e4d413aee94f2e936fa2a5dd27186dd5c166f502
h1_strict,frozen_base_scale,update_every_2,6,6,3.3480795668573027,0.4750699956165696,0.8567851325386243,0.1078107301040354,0.4779117112965325,1.0,1.0,1.0,2.4188314791447048,5.950958571075938,outputs/lachance_foldlocal_semigroup_stress_v188_h1_2026-07-29/v157f_uncertainty_aggregate.csv,234684c9bb6a732f53bec961e4d413aee94f2e936fa2a5dd27186dd5c166f502
h1_strict,frozen_state_aware_scale,update_every_2,6,6,3.3377552853298997,0.4906408925702965,0.8691733117048042,0.0910890552450097,0.4781682502058831,1.0374715440115436,1.0083333333333333,1.0666666666666669,2.5069864087709894,6.172235365134617,outputs/lachance_foldlocal_semigroup_stress_v188_h1_2026-07-29/v157f_uncertainty_aggregate.csv,234684c9bb6a732f53bec961e4d413aee94f2e936fa2a5dd27186dd5c166f502
h1_strict,frozen_base_scale,update_every_3,6,6,3.3745943085998227,0.4667306650832172,0.8490800423114012,0.1197726933060014,0.4754155709147243,1.0,1.0,1.0,2.4188314791447048,5.950958571075938,outputs/lachance_foldlocal_semigroup_stress_v188_h1_2026-07-29/v157f_uncertainty_aggregate.csv,234684c9bb6a732f53bec961e4d413aee94f2e936fa2a5dd27186dd5c166f502
h1_strict,frozen_state_aware_scale,update_every_3,6,6,3.359756422580034,0.4860822486411248,0.8656782962316646,0.0960310423782799,0.4757636459227954,1.0471896642959082,1.0083333333333333,1.0666666666666669,2.5308494545845472,6.231155595063619,outputs/lachance_foldlocal_semigroup_stress_v188_h1_2026-07-29/v157f_uncertainty_aggregate.csv,234684c9bb6a732f53bec961e4d413aee94f2e936fa2a5dd27186dd5c166f502
h1_strict,frozen_base_scale,update_every_6,6,6,3.413898103000534,0.4521978015263633,0.8385746318454425,0.1326848557685878,0.473324266215567,1.0,1.0,1.0,2.4188314791447048,5.950958571075938,outputs/lachance_foldlocal_semigroup_stress_v188_h1_2026-07-29/v157f_uncertainty_aggregate.csv,234684c9bb6a732f53bec961e4d413aee94f2e936fa2a5dd27186dd5c166f502
h1_strict,frozen_state_aware_scale,update_every_6,6,6,3.392379079020948,0.4741794163601596,0.8584782533585242,0.0994676676760408,0.4735479196070044,1.0569242728796406,1.0083333333333333,1.0666666666666669,2.5545494528154844,6.28836278849811,outputs/lachance_foldlocal_semigroup_stress_v188_h1_2026-07-29/v157f_uncertainty_aggregate.csv,234684c9bb6a732f53bec961e4d413aee94f2e936fa2a5dd27186dd5c166f502
h1_strict,frozen_base_scale,wrong_cell,6,6,3.5142717478277423,0.4187721839483231,0.8093924050449126,0.1718354110067642,0.444136414340939,1.0,1.0,1.0,2.4188314791447048,5.950958571075938,outputs/lachance_foldlocal_semigroup_stress_v188_h1_2026-07-29/v157f_uncertainty_aggregate.csv,234684c9bb6a732f53bec961e4d413aee94f2e936fa2a5dd27186dd5c166f502
h1_strict,frozen_state_aware_scale,wrong_cell,6,6,3.478134741096609,0.4438790527985517,0.835132986888382,0.1262695555704091,0.444136414340939,1.0666666666666669,1.0083333333333333,1.0666666666666669,2.5793247849782195,6.3454634371523175,outputs/lachance_foldlocal_semigroup_stress_v188_h1_2026-07-29/v157f_uncertainty_aggregate.csv,234684c9bb6a732f53bec961e4d413aee94f2e936fa2a5dd27186dd5c166f502
h6_utility,frozen_base_scale,delay_1frame,1,6,2.6442623024634617,0.445231245434913,0.8796427266706353,0.1048514034856022,0.2697370742977876,1.0,1.0,1.0,2.4188314791447048,2.4188314791447048,outputs/lachance_foldlocal_semigroup_stress_v188_h6_2026-07-29/v157f_uncertainty_aggregate.csv,8c05c8847f75589e4876bd4654fc16a1a490a690de678bb6af4958f912e6b301
h6_utility,frozen_state_aware_scale,delay_1frame,1,6,2.638570383338839,0.5257630980757345,0.9322149435916444,0.0850312323643604,0.2697370742977874,1.225,0.9166666666666666,1.225,2.9546325236801425,2.9546325236801425,outputs/lachance_foldlocal_semigroup_stress_v188_h6_2026-07-29/v157f_uncertainty_aggregate.csv,8c05c8847f75589e4876bd4654fc16a1a490a690de678bb6af4958f912e6b301
h6_utility,frozen_base_scale,missing_0.1,1,6,2.6292849669181,0.4497494723215084,0.8838864991473461,0.1159445394652882,0.3057456280932084,1.0,1.0,1.0,2.4188314791447048,2.4188314791447048,outputs/lachance_foldlocal_semigroup_stress_v188_h6_2026-07-29/v157f_uncertainty_aggregate.csv,8c05c8847f75589e4876bd4654fc16a1a490a690de678bb6af4958f912e6b301
h6_utility,frozen_state_aware_scale,missing_0.1,1,6,2.6410410320990394,0.4279533286017181,0.864323790917051,0.1242736475249079,0.2680998211539236,0.9467703528225728,0.9166666666666666,1.225,2.287393798972645,2.287393798972645,outputs/lachance_foldlocal_semigroup_stress_v188_h6_2026-07-29/v157f_uncertainty_aggregate.csv,8c05c8847f75589e4876bd4654fc16a1a490a690de678bb6af4958f912e6b301
h6_utility,frozen_base_scale,missing_0.2,1,6,2.6186696123014523,0.4559236654024098,0.8863916216119918,0.113172472300611,0.3012381611763038,1.0,1.0,1.0,2.4188314791447048,2.4188314791447048,outputs/lachance_foldlocal_semigroup_stress_v188_h6_2026-07-29/v157f_uncertainty_aggregate.csv,8c05c8847f75589e4876bd4654fc16a1a490a690de678bb6af4958f912e6b301
h6_utility,frozen_state_aware_scale,missing_0.2,1,6,2.630860638852312,0.445090649028612,0.8731009760440721,0.1134578030152523,0.2412985384961744,0.9771704676714692,0.9166666666666666,1.225,2.3594276413847166,2.3594276413847166,outputs/lachance_foldlocal_semigroup_stress_v188_h6_2026-07-29/v157f_uncertainty_aggregate.csv,8c05c8847f75589e4876bd4654fc16a1a490a690de678bb6af4958f912e6b301
h6_utility,frozen_base_scale,missing_0.4,1,6,2.5973039407887373,0.4672841481607068,0.8910181247397507,0.1064652883163812,0.294663897275861,1.0,1.0,1.0,2.4188314791447048,2.4188314791447048,outputs/lachance_foldlocal_semigroup_stress_v188_h6_2026-07-29/v157f_uncertainty_aggregate.csv,8c05c8847f75589e4876bd4654fc16a1a490a690de678bb6af4958f912e6b301
h6_utility,frozen_state_aware_scale,missing_0.4,1,6,2.611547870162805,0.4790760235899851,0.8914718747725722,0.0906001026560359,0.2138131440771583,1.0369322163733496,0.9166666666666666,1.225,2.5017300620157443,2.5017300620157443,outputs/lachance_foldlocal_semigroup_stress_v188_h6_2026-07-29/v157f_uncertainty_aggregate.csv,8c05c8847f75589e4876bd4654fc16a1a490a690de678bb6af4958f912e6b301
h6_utility,frozen_base_scale,no_update,1,6,2.533611042772415,0.4995040884502505,0.9058512876584794,0.1006616841544681,0.2712148211339029,1.0,1.0,1.0,2.4188314791447048,2.4188314791447048,outputs/lachance_foldlocal_semigroup_stress_v188_h6_2026-07-29/v157f_uncertainty_aggregate.csv,8c05c8847f75589e4876bd4654fc16a1a490a690de678bb6af4958f912e6b301
h6_utility,frozen_state_aware_scale,no_update,1,6,2.552601073309679,0.583485300724622,0.948395038882237,0.1344627139621091,0.2712148211339029,1.225,0.9166666666666666,1.225,2.9546325236801425,2.9546325236801425,outputs/lachance_foldlocal_semigroup_stress_v188_h6_2026-07-29/v157f_uncertainty_aggregate.csv,8c05c8847f75589e4876bd4654fc16a1a490a690de678bb6af4958f912e6b301
h6_utility,frozen_base_scale,real_update_every_1,1,6,2.6397229760390792,0.4446165768808283,0.8816197243848699,0.1188322368541678,0.309212268192877,1.0,1.0,1.0,2.4188314791447048,2.4188314791447048,outputs/lachance_foldlocal_semigroup_stress_v188_h6_2026-07-29/v157f_uncertainty_aggregate.csv,8c05c8847f75589e4876bd4654fc16a1a490a690de678bb6af4958f912e6b301
h6_utility,frozen_state_aware_scale,real_update_every_1,1,6,2.6508342883830234,0.411020913073473,0.854752059444607,0.1435569915691757,0.3092122681928769,0.9166666666666666,0.9166666666666666,1.225,2.2156679344963437,2.2156679344963437,outputs/lachance_foldlocal_semigroup_stress_v188_h6_2026-07-29/v157f_uncertainty_aggregate.csv,8c05c8847f75589e4876bd4654fc16a1a490a690de678bb6af4958f912e6b301
h6_utility,frozen_base_scale,tracking_noise_0.5px,1,6,2.648067688018634,0.4404650314536031,0.8796362410263784,0.1194776926131014,0.3052518280622108,1.0,1.0,1.0,2.4188314791447048,2.4188314791447048,outputs/lachance_foldlocal_semigroup_stress_v188_h6_2026-07-29/v157f_uncertainty_aggregate.csv,8c05c8847f75589e4876bd4654fc16a1a490a690de678bb6af4958f912e6b301
h6_utility,frozen_state_aware_scale,tracking_noise_0.5px,1,6,2.6567873035619134,0.4143366236979791,0.8588995309444999,0.136815418142238,0.303306244158468,0.936576903714438,0.9166666666666666,1.225,2.2563627006398552,2.2563627006398552,outputs/lachance_foldlocal_semigroup_stress_v188_h6_2026-07-29/v157f_uncertainty_aggregate.csv,8c05c8847f75589e4876bd4654fc16a1a490a690de678bb6af4958f912e6b301
h6_utility,frozen_base_scale,tracking_noise_1px,1,6,2.6702515748764326,0.4303890891116621,0.8735399459720675,0.1235051268385911,0.2932506982310129,1.0,1.0,1.0,2.4188314791447048,2.4188314791447048,outputs/lachance_foldlocal_semigroup_stress_v188_h6_2026-07-29/v157f_uncertainty_aggregate.csv,8c05c8847f75589e4876bd4654fc16a1a490a690de678bb6af4958f912e6b301
h6_utility,frozen_state_aware_scale,tracking_noise_1px,1,6,2.672841508569544,0.4237890654190619,0.8679236147182753,0.1212031588266814,0.2872235178693288,0.9846450642469216,0.9166666666666666,1.225,2.356281037146931,2.356281037146931,outputs/lachance_foldlocal_semigroup_stress_v188_h6_2026-07-29/v157f_uncertainty_aggregate.csv,8c05c8847f75589e4876bd4654fc16a1a490a690de678bb6af4958f912e6b301
h6_utility,frozen_base_scale,tracking_noise_2px,1,6,2.729310119413013,0.4040024335642871,0.8592860864293678,0.1459877337896692,0.268142612896257,1.0,1.0,1.0,2.4188314791447048,2.4188314791447048,outputs/lachance_foldlocal_semigroup_stress_v188_h6_2026-07-29/v157f_uncertainty_aggregate.csv,8c05c8847f75589e4876bd4654fc16a1a490a690de678bb6af4958f912e6b301
h6_utility,frozen_state_aware_scale,tracking_noise_2px,1,6,2.715232679670693,0.4372453060053572,0.8877042843124934,0.0964698464950018,0.2511359611191004,1.0980550998682646,0.9166666666666666,1.225,2.5999191522444716,2.5999191522444716,outputs/lachance_foldlocal_semigroup_stress_v188_h6_2026-07-29/v157f_uncertainty_aggregate.csv,8c05c8847f75589e4876bd4654fc16a1a490a690de678bb6af4958f912e6b301
h6_utility,frozen_base_scale,update_every_1,1,6,2.6397229760390792,0.4446165768808283,0.8816197243848699,0.1188322368541678,0.309212268192877,1.0,1.0,1.0,2.4188314791447048,2.4188314791447048,outputs/lachance_foldlocal_semigroup_stress_v188_h6_2026-07-29/v157f_uncertainty_aggregate.csv,8c05c8847f75589e4876bd4654fc16a1a490a690de678bb6af4958f912e6b301
h6_utility,frozen_state_aware_scale,update_every_1,1,6,2.6508342883830234,0.411020913073473,0.854752059444607,0.1435569915691757,0.3092122681928769,0.9166666666666666,0.9166666666666666,1.225,2.2156679344963437,2.2156679344963437,outputs/lachance_foldlocal_semigroup_stress_v188_h6_2026-07-29/v157f_uncertainty_aggregate.csv,8c05c8847f75589e4876bd4654fc16a1a490a690de678bb6af4958f912e6b301
h6_utility,frozen_base_scale,update_every_2,1,6,2.584940585025844,0.4726008238715475,0.8944275694408567,0.1058906393610863,0.2867204841668017,1.0,1.0,1.0,2.4188314791447048,2.4188314791447048,outputs/lachance_foldlocal_semigroup_stress_v188_h6_2026-07-29/v157f_uncertainty_aggregate.csv,8c05c8847f75589e4876bd4654fc16a1a490a690de678bb6af4958f912e6b301
h6_utility,frozen_state_aware_scale,update_every_2,1,6,2.6000877417873594,0.4971464175029319,0.9021794678594588,0.0821804281969259,0.2042980084429058,1.070710829718558,0.9166666666666666,1.225,2.5831371148330167,2.5831371148330167,outputs/lachance_foldlocal_semigroup_stress_v188_h6_2026-07-29/v157f_uncertainty_aggregate.csv,8c05c8847f75589e4876bd4654fc16a1a490a690de678bb6af4958f912e6b301
h6_utility,frozen_base_scale,update_every_3,1,6,2.5668474218489994,0.4835301065344102,0.8977773819611518,0.1028433257238215,0.2847747575031059,1.0,1.0,1.0,2.4188314791447048,2.4188314791447048,outputs/lachance_foldlocal_semigroup_stress_v188_h6_2026-07-29/v157f_uncertainty_aggregate.csv,8c05c8847f75589e4876bd4654fc16a1a490a690de678bb6af4958f912e6b301
h6_utility,frozen_state_aware_scale,update_every_3,1,6,2.58470852709851,0.5287972440193608,0.9163089911537652,0.0913987490922736,0.211489955328086,1.1220647172388525,0.9166666666666666,1.225,2.705047586948767,2.705047586948767,outputs/lachance_foldlocal_semigroup_stress_v188_h6_2026-07-29/v157f_uncertainty_aggregate.csv,8c05c8847f75589e4876bd4654fc16a1a490a690de678bb6af4958f912e6b301
h6_utility,frozen_base_scale,update_every_6,1,6,2.5493559490736932,0.4922963915686556,0.902178373465776,0.1005566577765281,0.2769128614804852,1.0,1.0,1.0,2.4188314791447048,2.4188314791447048,outputs/lachance_foldlocal_semigroup_stress_v188_h6_2026-07-29/v157f_uncertainty_aggregate.csv,8c05c8847f75589e4876bd4654fc16a1a490a690de678bb6af4958f912e6b301
h6_utility,frozen_state_aware_scale,update_every_6,1,6,2.568716512813554,0.5569968371131178,0.931648716121452,0.1058132975877716,0.2311386863728267,1.1735095116458876,0.9166666666666666,1.225,2.8271259418994403,2.8271259418994403,outputs/lachance_foldlocal_semigroup_stress_v188_h6_2026-07-29/v157f_uncertainty_aggregate.csv,8c05c8847f75589e4876bd4654fc16a1a490a690de678bb6af4958f912e6b301
h6_utility,frozen_base_scale,wrong_cell,1,6,2.69639370820774,0.41998122977284,0.8668804844336151,0.134971896394592,0.266310889006895,1.0,1.0,1.0,2.4188314791447048,2.4188314791447048,outputs/lachance_foldlocal_semigroup_stress_v188_h6_2026-07-29/v157f_uncertainty_aggregate.csv,8c05c8847f75589e4876bd4654fc16a1a490a690de678bb6af4958f912e6b301
h6_utility,frozen_state_aware_scale,wrong_cell,1,6,2.6782423390062498,0.4989764230711678,0.925203726031071,0.0779907105081727,0.2663108890068949,1.225,0.9166666666666666,1.225,2.9546325236801425,2.9546325236801425,outputs/lachance_foldlocal_semigroup_stress_v188_h6_2026-07-29/v157f_uncertainty_aggregate.csv,8c05c8847f75589e4876bd4654fc16a1a490a690de678bb6af4958f912e6b301
h6_utility,frozen_base_scale,delay_1frame,2,6,3.1404385711754017,0.4072712904140552,0.7900964805195474,0.2026322290663974,0.4364038033058918,1.0,1.0,1.0,2.4188314791447048,3.429459495235635,outputs/lachance_foldlocal_semigroup_stress_v188_h6_2026-07-29/v157f_uncertainty_aggregate.csv,8c05c8847f75589e4876bd4654fc16a1a490a690de678bb6af4958f912e6b301
h6_utility,frozen_state_aware_scale,delay_1frame,2,6,2.995827399243826,0.4856972057976942,0.8678126724693106,0.0618016479801754,0.436403803305892,1.225,0.9166666666666666,1.225,2.9546325236801425,4.189268652468058,outputs/lachance_foldlocal_semigroup_stress_v188_h6_2026-07-29/v157f_uncertainty_aggregate.csv,8c05c8847f75589e4876bd4654fc16a1a490a690de678bb6af4958f912e6b301
h6_utility,frozen_base_scale,missing_0.1,2,6,2.8149793306816746,0.5138674114595442,0.8760651948893923,0.0905685979185922,0.4038906924900756,1.0,1.0,1.0,2.4188314791447048,3.429459495235635,outputs/lachance_foldlocal_semigroup_stress_v188_h6_2026-07-29/v157f_uncertainty_aggregate.csv,8c05c8847f75589e4876bd4654fc16a1a490a690de678bb6af4958f912e6b301
h6_utility,frozen_state_aware_scale,missing_0.1,2,6,2.83229905563341,0.4895715980457466,0.8593961946019067,0.0866154575993792,0.3952649644615595,0.9467703528225728,0.9166666666666666,1.225,2.287393798972645,3.25140625237503,outputs/lachance_foldlocal_semigroup_stress_v188_h6_2026-07-29/v157f_uncertainty_aggregate.csv,8c05c8847f75589e4876bd4654fc16a1a490a690de678bb6af4958f912e6b301
h6_utility,frozen_base_scale,missing_0.2,2,6,2.8296151765069,0.5103437809170177,0.8718935541214422,0.0917268518786084,0.4070248565870795,1.0,1.0,1.0,2.4188314791447048,3.429459495235635,outputs/lachance_foldlocal_semigroup_stress_v188_h6_2026-07-29/v157f_uncertainty_aggregate.csv,8c05c8847f75589e4876bd4654fc16a1a490a690de678bb6af4958f912e6b301
h6_utility,frozen_state_aware_scale,missing_0.2,2,6,2.8341697080620847,0.4987894026370542,0.8657997220474206,0.080773415890533,0.3936368213520914,0.9771704676714692,0.9166666666666666,1.225,2.3594276413847166,3.359895445068639,outputs/lachance_foldlocal_semigroup_stress_v188_h6_2026-07-29/v157f_uncertainty_aggregate.csv,8c05c8847f75589e4876bd4654fc16a1a490a690de678bb6af4958f912e6b301
h6_utility,frozen_base_scale,missing_0.4,2,6,2.8594349283566625,0.502573986837432,0.8628509232391411,0.0971896354694652,0.4140746779905611,1.0,1.0,1.0,2.4188314791447048,3.429459495235635,outputs/lachance_foldlocal_semigroup_stress_v188_h6_2026-07-29/v157f_uncertainty_aggregate.csv,8c05c8847f75589e4876bd4654fc16a1a490a690de678bb6af4958f912e6b301
h6_utility,frozen_state_aware_scale,missing_0.4,2,6,2.838875862222608,0.5158950790030933,0.8758481903093814,0.0763924757525258,0.4018862652764983,1.0369322163733496,0.9166666666666666,1.225,2.5017300620157443,3.5710440645043877,outputs/lachance_foldlocal_semigroup_stress_v188_h6_2026-07-29/v157f_uncertainty_aggregate.csv,8c05c8847f75589e4876bd4654fc16a1a490a690de678bb6af4958f912e6b301
h6_utility,frozen_base_scale,no_update,2,6,2.954521639703192,0.4621443347466742,0.8347996071320645,0.1291041431762329,0.4491702849338811,1.0,1.0,1.0,2.4188314791447048,3.429459495235635,outputs/lachance_foldlocal_semigroup_stress_v188_h6_2026-07-29/v157f_uncertainty_aggregate.csv,8c05c8847f75589e4876bd4654fc16a1a490a690de678bb6af4958f912e6b301
h6_utility,frozen_state_aware_scale,no_update,2,6,2.871685399695666,0.5443545289773585,0.9014929241512604,0.0784355180740969,0.449170284933881,1.225,0.9166666666666666,1.225,2.9546325236801425,4.189268652468058,outputs/lachance_foldlocal_semigroup_stress_v188_h6_2026-07-29/v157f_uncertainty_aggregate.csv,8c05c8847f75589e4876bd4654fc16a1a490a690de678bb6af4958f912e6b301
h6_utility,frozen_base_scale,real_update_every_1,2,6,2.801177748445339,0.5160271222523217,0.8799834252636404,0.0898868034324523,0.4017322364778941,1.0,1.0,1.0,2.4188314791447048,3.429459495235635,outputs/lachance_foldlocal_semigroup_stress_v188_h6_2026-07-29/v157f_uncertainty_aggregate.csv,8c05c8847f75589e4876bd4654fc16a1a490a690de678bb6af4958f912e6b301
h6_utility,frozen_state_aware_scale,real_update_every_1,2,6,2.833665743205701,0.4784766135076315,0.8537353487104645,0.0943729242770581,0.4017322364778939,0.9166666666666666,0.9166666666666666,1.225,2.2156679344963437,3.1414463035058944,outputs/lachance_foldlocal_semigroup_stress_v188_h6_2026-07-29/v157f_uncertainty_aggregate.csv,8c05c8847f75589e4876bd4654fc16a1a490a690de678bb6af4958f912e6b301
h6_utility,frozen_base_scale,tracking_noise_0.5px,2,6,2.8091438435153315,0.5120287714440732,0.877676927796752,0.0870407349900414,0.3980117183161949,1.0,1.0,1.0,2.4188314791447048,3.429459495235635,outputs/lachance_foldlocal_semigroup_stress_v188_h6_2026-07-29/v157f_uncertainty_aggregate.csv,8c05c8847f75589e4876bd4654fc16a1a490a690de678bb6af4958f912e6b301
h6_utility,frozen_state_aware_scale,tracking_noise_0.5px,2,6,2.8350266479667474,0.4840461713007821,0.857321928500153,0.090450721736641,0.3961057601851321,0.936576903714438,0.9166666666666666,1.225,2.2563627006398552,3.198595956171568,outputs/lachance_foldlocal_semigroup_stress_v188_h6_2026-07-29/v157f_uncertainty_aggregate.csv,8c05c8847f75589e4876bd4654fc16a1a490a690de678bb6af4958f912e6b301
h6_utility,frozen_base_scale,tracking_noise_1px,2,6,2.832085971367645,0.4971328717225783,0.8711556754969512,0.086605222827409,0.3871403261258456,1.0,1.0,1.0,2.4188314791447048,3.429459495235635,outputs/lachance_foldlocal_semigroup_stress_v188_h6_2026-07-29/v157f_uncertainty_aggregate.csv,8c05c8847f75589e4876bd4654fc16a1a490a690de678bb6af4958f912e6b301
h6_utility,frozen_state_aware_scale,tracking_noise_1px,2,6,2.8440740060337757,0.4894037391482792,0.8646295914818639,0.0813222777210578,0.3797360429946813,0.9846450642469216,0.9166666666666666,1.225,2.356281037146931,3.3399560597317097,outputs/lachance_foldlocal_semigroup_stress_v188_h6_2026-07-29/v157f_uncertainty_aggregate.csv,8c05c8847f75589e4876bd4654fc16a1a490a690de678bb6af4958f912e6b301
h6_utility,frozen_base_scale,tracking_noise_2px,2,6,2.898723090155144,0.4656242135697537,0.8502927534408954,0.1021813778002727,0.3651504536665444,1.0,1.0,1.0,2.4188314791447048,3.429459495235635,outputs/lachance_foldlocal_semigroup_stress_v188_h6_2026-07-29/v157f_uncertainty_aggregate.csv,8c05c8847f75589e4876bd4654fc16a1a490a690de678bb6af4958f912e6b301
h6_utility,frozen_state_aware_scale,tracking_noise_2px,2,6,2.878105001576429,0.5034050217976608,0.8766348010818671,0.0693357309030612,0.3421437920461622,1.0980550998682646,0.9166666666666666,1.225,2.5999191522444716,3.687419294326253,outputs/lachance_foldlocal_semigroup_stress_v188_h6_2026-07-29/v157f_uncertainty_aggregate.csv,8c05c8847f75589e4876bd4654fc16a1a490a690de678bb6af4958f912e6b301
h6_utility,frozen_base_scale,update_every_1,2,6,2.801177748445339,0.5160271222523217,0.8799834252636404,0.0898868034324523,0.4017322364778941,1.0,1.0,1.0,2.4188314791447048,3.429459495235635,outputs/lachance_foldlocal_semigroup_stress_v188_h6_2026-07-29/v157f_uncertainty_aggregate.csv,8c05c8847f75589e4876bd4654fc16a1a490a690de678bb6af4958f912e6b301
h6_utility,frozen_state_aware_scale,update_every_1,2,6,2.833665743205701,0.4784766135076315,0.8537353487104645,0.0943729242770581,0.4017322364778939,0.9166666666666666,0.9166666666666666,1.225,2.2156679344963437,3.1414463035058944,outputs/lachance_foldlocal_semigroup_stress_v188_h6_2026-07-29/v157f_uncertainty_aggregate.csv,8c05c8847f75589e4876bd4654fc16a1a490a690de678bb6af4958f912e6b301
h6_utility,frozen_base_scale,update_every_2,2,6,2.8723922239000323,0.503007274460012,0.8584895653441204,0.1019270886919769,0.4177297552397277,1.0,1.0,1.0,2.4188314791447048,3.429459495235635,outputs/lachance_foldlocal_semigroup_stress_v188_h6_2026-07-29/v157f_uncertainty_aggregate.csv,8c05c8847f75589e4876bd4654fc16a1a490a690de678bb6af4958f912e6b301
h6_utility,frozen_state_aware_scale,update_every_2,2,6,2.832327589289086,0.533442519880307,0.8841637138741739,0.0778014153043028,0.4176857697460255,1.070710829718558,0.9166666666666666,1.225,2.5831371148330167,3.7031829826664366,outputs/lachance_foldlocal_semigroup_stress_v188_h6_2026-07-29/v157f_uncertainty_aggregate.csv,8c05c8847f75589e4876bd4654fc16a1a490a690de678bb6af4958f912e6b301
h6_utility,frozen_base_scale,update_every_3,2,6,2.9030459002524576,0.4874471887080189,0.8505691347757579,0.1072385351832624,0.4281026505455206,1.0,1.0,1.0,2.4188314791447048,3.429459495235635,outputs/lachance_foldlocal_semigroup_stress_v188_h6_2026-07-29/v157f_uncertainty_aggregate.csv,8c05c8847f75589e4876bd4654fc16a1a490a690de678bb6af4958f912e6b301
h6_utility,frozen_state_aware_scale,update_every_3,2,6,2.8488762100919227,0.5353664815455511,0.8902600209310944,0.0776317884074308,0.4234413082476831,1.1220647172388525,0.9166666666666666,1.225,2.705047586948767,3.86743709032372,outputs/lachance_foldlocal_semigroup_stress_v188_h6_2026-07-29/v157f_uncertainty_aggregate.csv,8c05c8847f75589e4876bd4654fc16a1a490a690de678bb6af4958f912e6b301
h6_utility,frozen_base_scale,update_every_6,2,6,2.9315636837035353,0.4730457666624255,0.8416219146767223,0.1180552163393117,0.440162813129778,1.0,1.0,1.0,2.4188314791447048,3.429459495235635,outputs/lachance_foldlocal_semigroup_stress_v188_h6_2026-07-29/v157f_uncertainty_aggregate.csv,8c05c8847f75589e4876bd4654fc16a1a490a690de678bb6af4958f912e6b301
h6_utility,frozen_state_aware_scale,update_every_6,2,6,2.862427353907655,0.5386670330997951,0.8955255961982052,0.0781247568123987,0.436950153155605,1.1735095116458876,0.9166666666666666,1.225,2.8271259418994403,4.032480288454354,outputs/lachance_foldlocal_semigroup_stress_v188_h6_2026-07-29/v157f_uncertainty_aggregate.csv,8c05c8847f75589e4876bd4654fc16a1a490a690de678bb6af4958f912e6b301
h6_utility,frozen_base_scale,wrong_cell,2,6,3.1343189816742316,0.4025707433986931,0.7863359697170847,0.2110932868842221,0.4181695976909632,1.0,1.0,1.0,2.4188314791447048,3.429459495235635,outputs/lachance_foldlocal_semigroup_stress_v188_h6_2026-07-29/v157f_uncertainty_aggregate.csv,8c05c8847f75589e4876bd4654fc16a1a490a690de678bb6af4958f912e6b301
h6_utility,frozen_state_aware_scale,wrong_cell,2,6,2.992436621275276,0.4799267576781516,0.8652491904835472,0.0643253958989125,0.4181695976909632,1.225,0.9166666666666666,1.225,2.9546325236801425,4.189268652468058,outputs/lachance_foldlocal_semigroup_stress_v188_h6_2026-07-29/v157f_uncertainty_aggregate.csv,8c05c8847f75589e4876bd4654fc16a1a490a690de678bb6af4958f912e6b301
h6_utility,frozen_base_scale,delay_1frame,4,6,3.1035488169518572,0.5020702326983709,0.8730420634197938,0.0848830511674244,0.4632471749529617,1.0,1.0,1.0,2.4188314791447048,4.8569595484383035,outputs/lachance_foldlocal_semigroup_stress_v188_h6_2026-07-29/v157f_uncertainty_aggregate.csv,8c05c8847f75589e4876bd4654fc16a1a490a690de678bb6af4958f912e6b301
h6_utility,frozen_state_aware_scale,delay_1frame,4,6,3.090367318720093,0.588284118591194,0.9302566533858908,0.1185407719770847,0.4632471749529612,1.225,0.9166666666666666,1.225,2.9546325236801425,5.933108579744246,outputs/lachance_foldlocal_semigroup_stress_v188_h6_2026-07-29/v157f_uncertainty_aggregate.csv,8c05c8847f75589e4876bd4654fc16a1a490a690de678bb6af4958f912e6b301
h6_utility,frozen_base_scale,missing_0.1,4,6,2.951740828735494,0.5834214158053671,0.9167731261700118,0.1219693569884102,0.4670197911983145,1.0,1.0,1.0,2.4188314791447048,4.8569595484383035,outputs/lachance_foldlocal_semigroup_stress_v188_h6_2026-07-29/v157f_uncertainty_aggregate.csv,8c05c8847f75589e4876bd4654fc16a1a490a690de678bb6af4958f912e6b301
h6_utility,frozen_state_aware_scale,missing_0.1,4,6,2.9412679644547133,0.5598031129778268,0.9069050726894612,0.0947780854269914,0.471453214691602,0.9467703528225728,0.9166666666666666,1.225,2.287393798972645,4.611927032451863,outputs/lachance_foldlocal_semigroup_stress_v188_h6_2026-07-29/v157f_uncertainty_aggregate.csv,8c05c8847f75589e4876bd4654fc16a1a490a690de678bb6af4958f912e6b301
h6_utility,frozen_base_scale,missing_0.2,4,6,2.98372191782617,0.5684213552453403,0.9069791762169488,0.1115163038355471,0.4666132526570093,1.0,1.0,1.0,2.4188314791447048,4.8569595484383035,outputs/lachance_foldlocal_semigroup_stress_v188_h6_2026-07-29/v157f_uncertainty_aggregate.csv,8c05c8847f75589e4876bd4654fc16a1a490a690de678bb6af4958f912e6b301
h6_utility,frozen_state_aware_scale,missing_0.2,4,6,2.971525019936648,0.5600079062914916,0.9061227490687576,0.0918807528059989,0.475899701381166,0.9771704676714692,0.9166666666666666,1.225,2.3594276413847166,4.770031080340293,outputs/lachance_foldlocal_semigroup_stress_v188_h6_2026-07-29/v157f_uncertainty_aggregate.csv,8c05c8847f75589e4876bd4654fc16a1a490a690de678bb6af4958f912e6b301
h6_utility,frozen_base_scale,missing_0.4,4,6,3.048254023028404,0.5377248513821442,0.889200772339133,0.0927043735764582,0.4715782425427819,1.0,1.0,1.0,2.4188314791447048,4.8569595484383035,outputs/lachance_foldlocal_semigroup_stress_v188_h6_2026-07-29/v157f_uncertainty_aggregate.csv,8c05c8847f75589e4876bd4654fc16a1a490a690de678bb6af4958f912e6b301
h6_utility,frozen_state_aware_scale,missing_0.4,4,6,3.0291240818805427,0.5541446075116103,0.9049039688078168,0.0840785851975105,0.4860597649495319,1.0369322163733496,0.9166666666666666,1.225,2.5017300620157443,5.075755017949028,outputs/lachance_foldlocal_semigroup_stress_v188_h6_2026-07-29/v157f_uncertainty_aggregate.csv,8c05c8847f75589e4876bd4654fc16a1a490a690de678bb6af4958f912e6b301
h6_utility,frozen_base_scale,no_update,4,6,3.2489491852105794,0.4519397452531208,0.8323563881028203,0.1346386270925806,0.4917408467103918,1.0,1.0,1.0,2.4188314791447048,4.8569595484383035,outputs/lachance_foldlocal_semigroup_stress_v188_h6_2026-07-29/v157f_uncertainty_aggregate.csv,8c05c8847f75589e4876bd4654fc16a1a490a690de678bb6af4958f912e6b301
h6_utility,frozen_state_aware_scale,no_update,4,6,3.18619434900983,0.5346966804380101,0.901599705515298,0.0662699475796295,0.4917408467103912,1.225,0.9166666666666666,1.225,2.9546325236801425,5.933108579744246,outputs/lachance_foldlocal_semigroup_stress_v188_h6_2026-07-29/v157f_uncertainty_aggregate.csv,8c05c8847f75589e4876bd4654fc16a1a490a690de678bb6af4958f912e6b301
h6_utility,frozen_base_scale,real_update_every_1,4,6,2.921666788013378,0.5995198257497525,0.9250381053257252,0.138597552091843,0.4646734673950514,1.0,1.0,1.0,2.4188314791447048,4.8569595484383035,outputs/lachance_foldlocal_semigroup_stress_v188_h6_2026-07-29/v157f_uncertainty_aggregate.csv,8c05c8847f75589e4876bd4654fc16a1a490a690de678bb6af4958f912e6b301
h6_utility,frozen_state_aware_scale,real_update_every_1,4,6,2.9118805541787203,0.5616650497231206,0.9074927736927362,0.0976610852913134,0.4646734673950513,0.9166666666666666,0.9166666666666666,1.225,2.2156679344963437,4.449003235859478,outputs/lachance_foldlocal_semigroup_stress_v188_h6_2026-07-29/v157f_uncertainty_aggregate.csv,8c05c8847f75589e4876bd4654fc16a1a490a690de678bb6af4958f912e6b301
h6_utility,frozen_base_scale,tracking_noise_0.5px,4,6,2.9278834888451164,0.594049834791173,0.923514090994438,0.132576012140533,0.4603527641629787,1.0,1.0,1.0,2.4188314791447048,4.8569595484383035,outputs/lachance_foldlocal_semigroup_stress_v188_h6_2026-07-29/v157f_uncertainty_aggregate.csv,8c05c8847f75589e4876bd4654fc16a1a490a690de678bb6af4958f912e6b301
h6_utility,frozen_state_aware_scale,tracking_noise_0.5px,4,6,2.9226296029415604,0.5651252435900561,0.9092214393525896,0.0988244461957685,0.4587986919809302,0.936576903714438,0.9166666666666666,1.225,2.2563627006398552,4.528909749832331,outputs/lachance_foldlocal_semigroup_stress_v188_h6_2026-07-29/v157f_uncertainty_aggregate.csv,8c05c8847f75589e4876bd4654fc16a1a490a690de678bb6af4958f912e6b301
h6_utility,frozen_base_scale,tracking_noise_1px,4,6,2.946980872510204,0.577006079431808,0.919326189403214,0.1155676332316765,0.4478207089051618,1.0,1.0,1.0,2.4188314791447048,4.8569595484383035,outputs/lachance_foldlocal_semigroup_stress_v188_h6_2026-07-29/v157f_uncertainty_aggregate.csv,8c05c8847f75589e4876bd4654fc16a1a490a690de678bb6af4958f912e6b301
h6_utility,frozen_state_aware_scale,tracking_noise_1px,4,6,2.9521901209552652,0.5688930376376117,0.9126713300607702,0.0980966981673084,0.4410724400584889,0.9846450642469216,0.9166666666666666,1.225,2.356281037146931,4.727730891592564,outputs/lachance_foldlocal_semigroup_stress_v188_h6_2026-07-29/v157f_uncertainty_aggregate.csv,8c05c8847f75589e4876bd4654fc16a1a490a690de678bb6af4958f912e6b301
h6_utility,frozen_base_scale,tracking_noise_2px,4,6,3.0113298453757573,0.5308308344929387,0.900690119760274,0.0758327603069898,0.4149150538075525,1.0,1.0,1.0,2.4188314791447048,4.8569595484383035,outputs/lachance_foldlocal_semigroup_stress_v188_h6_2026-07-29/v157f_uncertainty_aggregate.csv,8c05c8847f75589e4876bd4654fc16a1a490a690de678bb6af4958f912e6b301
h6_utility,frozen_state_aware_scale,tracking_noise_2px,4,6,3.030371756552858,0.570904894516262,0.917817127810036,0.0960187138059553,0.3915160725304831,1.0980550998682646,0.9166666666666666,1.225,2.5999191522444716,5.219767898818655,outputs/lachance_foldlocal_semigroup_stress_v188_h6_2026-07-29/v157f_uncertainty_aggregate.csv,8c05c8847f75589e4876bd4654fc16a1a490a690de678bb6af4958f912e6b301
h6_utility,frozen_base_scale,update_every_1,4,6,2.921666788013378,0.5995198257497525,0.9250381053257252,0.138597552091843,0.4646734673950514,1.0,1.0,1.0,2.4188314791447048,4.8569595484383035,outputs/lachance_foldlocal_semigroup_stress_v188_h6_2026-07-29/v157f_uncertainty_aggregate.csv,8c05c8847f75589e4876bd4654fc16a1a490a690de678bb6af4958f912e6b301
h6_utility,frozen_state_aware_scale,update_every_1,4,6,2.9118805541787203,0.5616650497231206,0.9074927736927362,0.0976610852913134,0.4646734673950513,0.9166666666666666,0.9166666666666666,1.225,2.2156679344963437,4.449003235859478,outputs/lachance_foldlocal_semigroup_stress_v188_h6_2026-07-29/v157f_uncertainty_aggregate.csv,8c05c8847f75589e4876bd4654fc16a1a490a690de678bb6af4958f912e6b301
h6_utility,frozen_base_scale,update_every_2,4,6,3.0749875527718697,0.5202102680706111,0.8816991657145198,0.0875648253207215,0.4840928023769388,1.0,1.0,1.0,2.4188314791447048,4.8569595484383035,outputs/lachance_foldlocal_semigroup_stress_v188_h6_2026-07-29/v157f_uncertainty_aggregate.csv,8c05c8847f75589e4876bd4654fc16a1a490a690de678bb6af4958f912e6b301
h6_utility,frozen_state_aware_scale,update_every_2,4,6,3.0571036868509864,0.5519922577326785,0.9056863346683648,0.0773222795149916,0.4885232864446331,1.070710829718558,0.9166666666666666,1.225,2.5831371148330167,5.245758346002728,outputs/lachance_foldlocal_semigroup_stress_v188_h6_2026-07-29/v157f_uncertainty_aggregate.csv,8c05c8847f75589e4876bd4654fc16a1a490a690de678bb6af4958f912e6b301
h6_utility,frozen_base_scale,update_every_3,4,6,3.135023329617558,0.4931684283352363,0.8639427044957406,0.0939787199413168,0.4823416856058882,1.0,1.0,1.0,2.4188314791447048,4.8569595484383035,outputs/lachance_foldlocal_semigroup_stress_v188_h6_2026-07-29/v157f_uncertainty_aggregate.csv,8c05c8847f75589e4876bd4654fc16a1a490a690de678bb6af4958f912e6b301
h6_utility,frozen_state_aware_scale,update_every_3,4,6,3.107307232271912,0.5434017820883033,0.902974661029608,0.072612911508349,0.4766606158239694,1.1220647172388525,0.9166666666666666,1.225,2.705047586948767,5.479608648066438,outputs/lachance_foldlocal_semigroup_stress_v188_h6_2026-07-29/v157f_uncertainty_aggregate.csv,8c05c8847f75589e4876bd4654fc16a1a490a690de678bb6af4958f912e6b301
h6_utility,frozen_base_scale,update_every_6,4,6,3.1978049459163547,0.4698194666248441,0.8467950277381421,0.1137882850277155,0.4888225383945626,1.0,1.0,1.0,2.4188314791447048,4.8569595484383035,outputs/lachance_foldlocal_semigroup_stress_v188_h6_2026-07-29/v157f_uncertainty_aggregate.csv,8c05c8847f75589e4876bd4654fc16a1a490a690de678bb6af4958f912e6b301
h6_utility,frozen_state_aware_scale,update_every_6,4,6,3.150719795598164,0.5376472411494582,0.9015664991825912,0.0684104741038345,0.4916327721030394,1.1735095116458876,0.9166666666666666,1.225,2.8271259418994403,5.717444275300136,outputs/lachance_foldlocal_semigroup_stress_v188_h6_2026-07-29/v157f_uncertainty_aggregate.csv,8c05c8847f75589e4876bd4654fc16a1a490a690de678bb6af4958f912e6b301
h6_utility,frozen_base_scale,wrong_cell,4,6,3.414486191373509,0.3981260059624429,0.7873171068955482,0.2145568871420088,0.4537368366300895,1.0,1.0,1.0,2.4188314791447048,4.8569595484383035,outputs/lachance_foldlocal_semigroup_stress_v188_h6_2026-07-29/v157f_uncertainty_aggregate.csv,8c05c8847f75589e4876bd4654fc16a1a490a690de678bb6af4958f912e6b301
h6_utility,frozen_state_aware_scale,wrong_cell,4,6,3.297618622550321,0.4763721801345632,0.8677291779976916,0.0593849771752976,0.4537368366300894,1.225,0.9166666666666666,1.225,2.9546325236801425,5.933108579744246,outputs/lachance_foldlocal_semigroup_stress_v188_h6_2026-07-29/v157f_uncertainty_aggregate.csv,8c05c8847f75589e4876bd4654fc16a1a490a690de678bb6af4958f912e6b301
h6_utility,frozen_base_scale,delay_1frame,6,6,3.179410359701205,0.5501378093335781,0.9051923859587288,0.0879746670793928,0.4622888140511508,1.0,1.0,1.0,2.4188314791447048,5.950958571075938,outputs/lachance_foldlocal_semigroup_stress_v188_h6_2026-07-29/v157f_uncertainty_aggregate.csv,8c05c8847f75589e4876bd4654fc16a1a490a690de678bb6af4958f912e6b301
h6_utility,frozen_state_aware_scale,delay_1frame,6,6,3.2107744946456407,0.6402503441801154,0.9519818025920076,0.192232146772123,0.4622888140511506,1.225,0.9166666666666666,1.225,2.9546325236801425,7.269551755653215,outputs/lachance_foldlocal_semigroup_stress_v188_h6_2026-07-29/v157f_uncertainty_aggregate.csv,8c05c8847f75589e4876bd4654fc16a1a490a690de678bb6af4958f912e6b301
h6_utility,frozen_base_scale,missing_0.1,6,6,3.0866890356872587,0.6118704952632064,0.9314872481031196,0.1442643536999233,0.4762586299919923,1.0,1.0,1.0,2.4188314791447048,5.950958571075938,outputs/lachance_foldlocal_semigroup_stress_v188_h6_2026-07-29/v157f_uncertainty_aggregate.csv,8c05c8847f75589e4876bd4654fc16a1a490a690de678bb6af4958f912e6b301
h6_utility,frozen_state_aware_scale,missing_0.1,6,6,3.0703293704341696,0.5893362966801198,0.9225887723028294,0.1165323030566198,0.4839187026158207,0.9467703528225728,0.9166666666666666,1.225,2.287393798972645,5.653899320869339,outputs/lachance_foldlocal_semigroup_stress_v188_h6_2026-07-29/v157f_uncertainty_aggregate.csv,8c05c8847f75589e4876bd4654fc16a1a490a690de678bb6af4958f912e6b301
h6_utility,frozen_base_scale,missing_0.2,6,6,3.1257099759841735,0.5886581406245341,0.9203386817187016,0.1163432909188138,0.4727349222425419,1.0,1.0,1.0,2.4188314791447048,5.950958571075938,outputs/lachance_foldlocal_semigroup_stress_v188_h6_2026-07-29/v157f_uncertainty_aggregate.csv,8c05c8847f75589e4876bd4654fc16a1a490a690de678bb6af4958f912e6b301
h6_utility,frozen_state_aware_scale,missing_0.2,6,6,3.1125548096927265,0.5800576547791341,0.9195413752310784,0.1060289340801517,0.4879332083784276,0.9771704676714692,0.9166666666666666,1.225,2.3594276413847166,5.849207177950806,outputs/lachance_foldlocal_semigroup_stress_v188_h6_2026-07-29/v157f_uncertainty_aggregate.csv,8c05c8847f75589e4876bd4654fc16a1a490a690de678bb6af4958f912e6b301
h6_utility,frozen_base_scale,missing_0.4,6,6,3.2040603577166173,0.5442948809433326,0.8981009458434864,0.0835794665283007,0.4692648393225743,1.0,1.0,1.0,2.4188314791447048,5.950958571075938,outputs/lachance_foldlocal_semigroup_stress_v188_h6_2026-07-29/v157f_uncertainty_aggregate.csv,8c05c8847f75589e4876bd4654fc16a1a490a690de678bb6af4958f912e6b301
h6_utility,frozen_state_aware_scale,missing_0.4,6,6,3.1900982084989136,0.5631954333217033,0.9145359037984608,0.0871828055507096,0.4902901459215572,1.0369322163733496,0.9166666666666666,1.225,2.5017300620157443,6.227107007285597,outputs/lachance_foldlocal_semigroup_stress_v188_h6_2026-07-29/v157f_uncertainty_aggregate.csv,8c05c8847f75589e4876bd4654fc16a1a490a690de678bb6af4958f912e6b301
h6_utility,frozen_base_scale,no_update,6,6,3.4472629139164757,0.4426683357874676,0.8292336673631651,0.1418813436561579,0.4698330506551123,1.0,1.0,1.0,2.4188314791447048,5.950958571075938,outputs/lachance_foldlocal_semigroup_stress_v188_h6_2026-07-29/v157f_uncertainty_aggregate.csv,8c05c8847f75589e4876bd4654fc16a1a490a690de678bb6af4958f912e6b301
h6_utility,frozen_state_aware_scale,no_update,6,6,3.3879115573809693,0.5240105376834645,0.9010916622059372,0.0566365177532959,0.4698330506551123,1.225,0.9166666666666666,1.225,2.9546325236801425,7.269551755653215,outputs/lachance_foldlocal_semigroup_stress_v188_h6_2026-07-29/v157f_uncertainty_aggregate.csv,8c05c8847f75589e4876bd4654fc16a1a490a690de678bb6af4958f912e6b301
h6_utility,frozen_base_scale,real_update_every_1,6,6,3.0508441188233313,0.635981545188674,0.9417038200623395,0.1776853652510136,0.476554311964232,1.0,1.0,1.0,2.4188314791447048,5.950958571075938,outputs/lachance_foldlocal_semigroup_stress_v188_h6_2026-07-29/v157f_uncertainty_aggregate.csv,8c05c8847f75589e4876bd4654fc16a1a490a690de678bb6af4958f912e6b301
h6_utility,frozen_state_aware_scale,real_update_every_1,6,6,3.02864477693916,0.596968386438448,0.9256070153806916,0.125046969244004,0.4765543119642321,0.9166666666666666,0.9166666666666666,1.225,2.2156679344963437,5.451032155963628,outputs/lachance_foldlocal_semigroup_stress_v188_h6_2026-07-29/v157f_uncertainty_aggregate.csv,8c05c8847f75589e4876bd4654fc16a1a490a690de678bb6af4958f912e6b301
h6_utility,frozen_base_scale,tracking_noise_0.5px,6,6,3.0565539927500898,0.6293500518493306,0.940616872957648,0.1699669248069786,0.4710656928106085,1.0,1.0,1.0,2.4188314791447048,5.950958571075938,outputs/lachance_foldlocal_semigroup_stress_v188_h6_2026-07-29/v157f_uncertainty_aggregate.csv,8c05c8847f75589e4876bd4654fc16a1a490a690de678bb6af4958f912e6b301
h6_utility,frozen_state_aware_scale,tracking_noise_0.5px,6,6,3.0417173500732364,0.5990613629727483,0.927210789416328,0.1273626051209999,0.4697781555246887,0.936576903714438,0.9166666666666666,1.225,2.2563627006398552,5.547968032000178,outputs/lachance_foldlocal_semigroup_stress_v188_h6_2026-07-29/v157f_uncertainty_aggregate.csv,8c05c8847f75589e4876bd4654fc16a1a490a690de678bb6af4958f912e6b301
h6_utility,frozen_base_scale,tracking_noise_1px,6,6,3.074953510281094,0.6105850824752097,0.9363078694969608,0.1468929519721705,0.4561574093674025,1.0,1.0,1.0,2.4188314791447048,5.950958571075938,outputs/lachance_foldlocal_semigroup_stress_v188_h6_2026-07-29/v157f_uncertainty_aggregate.csv,8c05c8847f75589e4876bd4654fc16a1a490a690de678bb6af4958f912e6b301
h6_utility,frozen_state_aware_scale,tracking_noise_1px,6,6,3.077046227156357,0.6013048233448336,0.9297597180475718,0.1310645413924055,0.4501705407728111,0.9846450642469216,0.9166666666666666,1.225,2.356281037146931,5.790017237064558,outputs/lachance_foldlocal_semigroup_stress_v188_h6_2026-07-29/v157f_uncertainty_aggregate.csv,8c05c8847f75589e4876bd4654fc16a1a490a690de678bb6af4958f912e6b301
h6_utility,frozen_base_scale,tracking_noise_2px,6,6,3.140318991482662,0.554858690450842,0.9196199090799584,0.0790246405712692,0.4100948366419109,1.0,1.0,1.0,2.4188314791447048,5.950958571075938,outputs/lachance_foldlocal_semigroup_stress_v188_h6_2026-07-29/v157f_uncertainty_aggregate.csv,8c05c8847f75589e4876bd4654fc16a1a490a690de678bb6af4958f912e6b301
h6_utility,frozen_state_aware_scale,tracking_noise_2px,6,6,3.1691659418518427,0.5938287242817383,0.9333405052371792,0.1276391220771921,0.3886483024364215,1.0980550998682646,0.9166666666666666,1.225,2.5999191522444716,6.391733395064853,outputs/lachance_foldlocal_semigroup_stress_v188_h6_2026-07-29/v157f_uncertainty_aggregate.csv,8c05c8847f75589e4876bd4654fc16a1a490a690de678bb6af4958f912e6b301
h6_utility,frozen_base_scale,update_every_1,6,6,3.0508441188233313,0.635981545188674,0.9417038200623395,0.1776853652510136,0.476554311964232,1.0,1.0,1.0,2.4188314791447048,5.950958571075938,outputs/lachance_foldlocal_semigroup_stress_v188_h6_2026-07-29/v157f_uncertainty_aggregate.csv,8c05c8847f75589e4876bd4654fc16a1a490a690de678bb6af4958f912e6b301
h6_utility,frozen_state_aware_scale,update_every_1,6,6,3.02864477693916,0.596968386438448,0.9256070153806916,0.125046969244004,0.4765543119642321,0.9166666666666666,0.9166666666666666,1.225,2.2156679344963437,5.451032155963628,outputs/lachance_foldlocal_semigroup_stress_v188_h6_2026-07-29/v157f_uncertainty_aggregate.csv,8c05c8847f75589e4876bd4654fc16a1a490a690de678bb6af4958f912e6b301
h6_utility,frozen_base_scale,update_every_2,6,6,3.239506806048602,0.5203409813198342,0.8878748193956779,0.0780130756468038,0.48630861169972,1.0,1.0,1.0,2.4188314791447048,5.950958571075938,outputs/lachance_foldlocal_semigroup_stress_v188_h6_2026-07-29/v157f_uncertainty_aggregate.csv,8c05c8847f75589e4876bd4654fc16a1a490a690de678bb6af4958f912e6b301
h6_utility,frozen_state_aware_scale,update_every_2,6,6,3.228902331534248,0.553784614156662,0.9121712946840858,0.0765049589600771,0.4914833802590458,1.070710829718558,0.9166666666666666,1.225,2.5831371148330167,6.427888943797651,outputs/lachance_foldlocal_semigroup_stress_v188_h6_2026-07-29/v157f_uncertainty_aggregate.csv,8c05c8847f75589e4876bd4654fc16a1a490a690de678bb6af4958f912e6b301
h6_utility,frozen_base_scale,update_every_3,6,6,3.310291364672278,0.4905288149198616,0.8676486867940323,0.0886451324072777,0.4697643116081337,1.0,1.0,1.0,2.4188314791447048,5.950958571075938,outputs/lachance_foldlocal_semigroup_stress_v188_h6_2026-07-29/v157f_uncertainty_aggregate.csv,8c05c8847f75589e4876bd4654fc16a1a490a690de678bb6af4958f912e6b301
h6_utility,frozen_state_aware_scale,update_every_3,6,6,3.2879717237751502,0.5412837935371957,0.9071982945109216,0.0673003737798026,0.4741051349010026,1.1220647172388525,0.9166666666666666,1.225,2.705047586948767,6.719090785380961,outputs/lachance_foldlocal_semigroup_stress_v188_h6_2026-07-29/v157f_uncertainty_aggregate.csv,8c05c8847f75589e4876bd4654fc16a1a490a690de678bb6af4958f912e6b301
h6_utility,frozen_base_scale,update_every_6,6,6,3.3828755964392783,0.4624383835391215,0.8476084184798377,0.1178702014841395,0.4729518803807193,1.0,1.0,1.0,2.4188314791447048,5.950958571075938,outputs/lachance_foldlocal_semigroup_stress_v188_h6_2026-07-29/v157f_uncertainty_aggregate.csv,8c05c8847f75589e4876bd4654fc16a1a490a690de678bb6af4958f912e6b301
h6_utility,frozen_state_aware_scale,update_every_6,6,6,3.342843785165732,0.5288867499088381,0.9026601076894538,0.0603237594459774,0.475922461291725,1.1735095116458876,0.9166666666666666,1.225,2.8271259418994403,6.998547143293782,outputs/lachance_foldlocal_semigroup_stress_v188_h6_2026-07-29/v157f_uncertainty_aggregate.csv,8c05c8847f75589e4876bd4654fc16a1a490a690de678bb6af4958f912e6b301
h6_utility,frozen_base_scale,wrong_cell,6,6,3.601443347138234,0.3981235504915524,0.7854834700527192,0.2163929794557283,0.4308910016605096,1.0,1.0,1.0,2.4188314791447048,5.950958571075938,outputs/lachance_foldlocal_semigroup_stress_v188_h6_2026-07-29/v157f_uncertainty_aggregate.csv,8c05c8847f75589e4876bd4654fc16a1a490a690de678bb6af4958f912e6b301
h6_utility,frozen_state_aware_scale,wrong_cell,6,6,3.491864793982053,0.4744142422518191,0.8679988046453992,0.0575869531027816,0.4308910016605096,1.225,0.9166666666666666,1.225,2.9546325236801425,7.269551755653215,outputs/lachance_foldlocal_semigroup_stress_v188_h6_2026-07-29/v157f_uncertainty_aggregate.csv,8c05c8847f75589e4876bd4654fc16a1a490a690de678bb6af4958f912e6b301
