operating_point,condition,horizon,movies,component_rmse_mean,component_rmse_std,vector_rmse_mean,r2_mean,rmse_improvement_percent_mean,movies_improved,source_path,source_sha256
h1_strict,real_update_every_1,1,6,3.4743735539609095,0.3777735624113602,4.913506200761929,0.5077326421395097,0.0810080662496187,4,/Users/dmitrijabovskij/Desktop/Airi/outputs/lachance_foldlocal_semigroup_stress_v188_h1_2026-07-29/v157f_stress_aggregate.csv,48be8e0ccb9806b3490e2d34d1f0766291094ab3f7a3814f3d073dd82bf1e1bf
h1_strict,update_every_1,1,6,3.4743735539609095,0.3777735624113602,4.913506200761929,0.5077326421395097,0.0810080662496187,4,/Users/dmitrijabovskij/Desktop/Airi/outputs/lachance_foldlocal_semigroup_stress_v188_h1_2026-07-29/v157f_stress_aggregate.csv,48be8e0ccb9806b3490e2d34d1f0766291094ab3f7a3814f3d073dd82bf1e1bf
h1_strict,missing_0.1,1,6,3.475683192197042,0.3826593565420097,4.915358308917269,0.507432939547683,0.0571791302875465,3,/Users/dmitrijabovskij/Desktop/Airi/outputs/lachance_foldlocal_semigroup_stress_v188_h1_2026-07-29/v157f_stress_aggregate.csv,48be8e0ccb9806b3490e2d34d1f0766291094ab3f7a3814f3d073dd82bf1e1bf
h1_strict,missing_0.2,1,6,3.476142506204814,0.3892802461126964,4.916007877016448,0.5073668833737083,0.0634336767908035,3,/Users/dmitrijabovskij/Desktop/Airi/outputs/lachance_foldlocal_semigroup_stress_v188_h1_2026-07-29/v157f_stress_aggregate.csv,48be8e0ccb9806b3490e2d34d1f0766291094ab3f7a3814f3d073dd82bf1e1bf
h1_strict,missing_0.4,1,6,3.4777988266217243,0.398247878480321,4.91835026781368,0.5070305170701647,0.04060028181159,4,/Users/dmitrijabovskij/Desktop/Airi/outputs/lachance_foldlocal_semigroup_stress_v188_h1_2026-07-29/v157f_stress_aggregate.csv,48be8e0ccb9806b3490e2d34d1f0766291094ab3f7a3814f3d073dd82bf1e1bf
h1_strict,tracking_noise_0.5px,1,6,3.4778841351235124,0.3763264833126774,4.918470912253894,0.5067252945820607,-0.0255087970369903,3,/Users/dmitrijabovskij/Desktop/Airi/outputs/lachance_foldlocal_semigroup_stress_v188_h1_2026-07-29/v157f_stress_aggregate.csv,48be8e0ccb9806b3490e2d34d1f0766291094ab3f7a3814f3d073dd82bf1e1bf
h1_strict,update_every_3,1,6,3.482289290834653,0.41919562438558,4.924700743204953,0.5059194952598125,-0.0290381291710101,3,/Users/dmitrijabovskij/Desktop/Airi/outputs/lachance_foldlocal_semigroup_stress_v188_h1_2026-07-29/v157f_stress_aggregate.csv,48be8e0ccb9806b3490e2d34d1f0766291094ab3f7a3814f3d073dd82bf1e1bf
h1_strict,no_update,1,6,3.483013707781548,0.4370554357080337,4.925725223476065,0.5059191051218614,0.0,0,/Users/dmitrijabovskij/Desktop/Airi/outputs/lachance_foldlocal_semigroup_stress_v188_h1_2026-07-29/v157f_stress_aggregate.csv,48be8e0ccb9806b3490e2d34d1f0766291094ab3f7a3814f3d073dd82bf1e1bf
h1_strict,update_every_2,1,6,3.483036517809152,0.4102380811379038,4.92575748172646,0.5057252321826647,-0.0781152242896413,4,/Users/dmitrijabovskij/Desktop/Airi/outputs/lachance_foldlocal_semigroup_stress_v188_h1_2026-07-29/v157f_stress_aggregate.csv,48be8e0ccb9806b3490e2d34d1f0766291094ab3f7a3814f3d073dd82bf1e1bf
h1_strict,update_every_6,1,6,3.4857036198184628,0.4271581499701644,4.929529333560262,0.5050996593955258,-0.1067233142649122,3,/Users/dmitrijabovskij/Desktop/Airi/outputs/lachance_foldlocal_semigroup_stress_v188_h1_2026-07-29/v157f_stress_aggregate.csv,48be8e0ccb9806b3490e2d34d1f0766291094ab3f7a3814f3d073dd82bf1e1bf
h1_strict,tracking_noise_1px,1,6,3.4895195190590385,0.3700582941361663,4.9349258300189325,0.5033207807601646,-0.3824326351138656,2,/Users/dmitrijabovskij/Desktop/Airi/outputs/lachance_foldlocal_semigroup_stress_v188_h1_2026-07-29/v157f_stress_aggregate.csv,48be8e0ccb9806b3490e2d34d1f0766291094ab3f7a3814f3d073dd82bf1e1bf
h1_strict,wrong_cell,1,6,3.523481316585913,0.3850467590091028,4.982955064684006,0.4939074971489054,-1.330201298277217,2,/Users/dmitrijabovskij/Desktop/Airi/outputs/lachance_foldlocal_semigroup_stress_v188_h1_2026-07-29/v157f_stress_aggregate.csv,48be8e0ccb9806b3490e2d34d1f0766291094ab3f7a3814f3d073dd82bf1e1bf
h1_strict,tracking_noise_2px,1,6,3.527254144841937,0.3593407609799596,4.988290649572181,0.4923827860551182,-1.5168358054271456,2,/Users/dmitrijabovskij/Desktop/Airi/outputs/lachance_foldlocal_semigroup_stress_v188_h1_2026-07-29/v157f_stress_aggregate.csv,48be8e0ccb9806b3490e2d34d1f0766291094ab3f7a3814f3d073dd82bf1e1bf
h1_strict,delay_1frame,1,6,3.565812418011601,0.4294067985848183,5.042820282430406,0.4823104480782447,-2.437898798405699,0,/Users/dmitrijabovskij/Desktop/Airi/outputs/lachance_foldlocal_semigroup_stress_v188_h1_2026-07-29/v157f_stress_aggregate.csv,48be8e0ccb9806b3490e2d34d1f0766291094ab3f7a3814f3d073dd82bf1e1bf
h1_strict,real_update_every_1,2,6,4.386432118842225,0.5300500290500707,6.203351792895627,0.7580525595068085,6.57663636453513,6,/Users/dmitrijabovskij/Desktop/Airi/outputs/lachance_foldlocal_semigroup_stress_v188_h1_2026-07-29/v157f_stress_aggregate.csv,48be8e0ccb9806b3490e2d34d1f0766291094ab3f7a3814f3d073dd82bf1e1bf
h1_strict,update_every_1,2,6,4.386432118842225,0.5300500290500707,6.203351792895627,0.7580525595068085,6.57663636453513,6,/Users/dmitrijabovskij/Desktop/Airi/outputs/lachance_foldlocal_semigroup_stress_v188_h1_2026-07-29/v157f_stress_aggregate.csv,48be8e0ccb9806b3490e2d34d1f0766291094ab3f7a3814f3d073dd82bf1e1bf
h1_strict,tracking_noise_0.5px,2,6,4.391393575148553,0.5263318320896974,6.210368351693156,0.7574981293387495,6.463129155638616,6,/Users/dmitrijabovskij/Desktop/Airi/outputs/lachance_foldlocal_semigroup_stress_v188_h1_2026-07-29/v157f_stress_aggregate.csv,48be8e0ccb9806b3490e2d34d1f0766291094ab3f7a3814f3d073dd82bf1e1bf
h1_strict,tracking_noise_1px,2,6,4.41363559015856,0.5111576949340014,6.241823310974815,0.7549891530329536,5.953535190223,6,/Users/dmitrijabovskij/Desktop/Airi/outputs/lachance_foldlocal_semigroup_stress_v188_h1_2026-07-29/v157f_stress_aggregate.csv,48be8e0ccb9806b3490e2d34d1f0766291094ab3f7a3814f3d073dd82bf1e1bf
h1_strict,missing_0.1,2,6,4.416786434874279,0.5291451582259201,6.2462792783047165,0.7546989053422871,5.923116952561429,6,/Users/dmitrijabovskij/Desktop/Airi/outputs/lachance_foldlocal_semigroup_stress_v188_h1_2026-07-29/v157f_stress_aggregate.csv,48be8e0ccb9806b3490e2d34d1f0766291094ab3f7a3814f3d073dd82bf1e1bf
h1_strict,missing_0.2,2,6,4.446578925286229,0.5309041500304252,6.288412222302166,0.751399823704647,5.285793270643614,6,/Users/dmitrijabovskij/Desktop/Airi/outputs/lachance_foldlocal_semigroup_stress_v188_h1_2026-07-29/v157f_stress_aggregate.csv,48be8e0ccb9806b3490e2d34d1f0766291094ab3f7a3814f3d073dd82bf1e1bf
h1_strict,tracking_noise_2px,2,6,4.494524740215766,0.4681711361174141,6.356217844034549,0.7458237711400192,4.1256687174788285,6,/Users/dmitrijabovskij/Desktop/Airi/outputs/lachance_foldlocal_semigroup_stress_v188_h1_2026-07-29/v157f_stress_aggregate.csv,48be8e0ccb9806b3490e2d34d1f0766291094ab3f7a3814f3d073dd82bf1e1bf
h1_strict,missing_0.4,2,6,4.507209599819152,0.5267640938192616,6.374156944522455,0.7445803866410259,3.9748633532930207,6,/Users/dmitrijabovskij/Desktop/Airi/outputs/lachance_foldlocal_semigroup_stress_v188_h1_2026-07-29/v157f_stress_aggregate.csv,48be8e0ccb9806b3490e2d34d1f0766291094ab3f7a3814f3d073dd82bf1e1bf
h1_strict,update_every_2,2,6,4.550486995736128,0.5396319464953344,6.4353604247724325,0.7397464646683597,3.0655014997186907,6,/Users/dmitrijabovskij/Desktop/Airi/outputs/lachance_foldlocal_semigroup_stress_v188_h1_2026-07-29/v157f_stress_aggregate.csv,48be8e0ccb9806b3490e2d34d1f0766291094ab3f7a3814f3d073dd82bf1e1bf
h1_strict,update_every_3,2,6,4.591349242706035,0.5326344848212149,6.493148368626315,0.734972704328646,2.1767896136919167,6,/Users/dmitrijabovskij/Desktop/Airi/outputs/lachance_foldlocal_semigroup_stress_v188_h1_2026-07-29/v157f_stress_aggregate.csv,48be8e0ccb9806b3490e2d34d1f0766291094ab3f7a3814f3d073dd82bf1e1bf
h1_strict,update_every_6,2,6,4.649752805650796,0.5292166526651946,6.575743479433707,0.728213182658722,0.9135318739953004,6,/Users/dmitrijabovskij/Desktop/Airi/outputs/lachance_foldlocal_semigroup_stress_v188_h1_2026-07-29/v157f_stress_aggregate.csv,48be8e0ccb9806b3490e2d34d1f0766291094ab3f7a3814f3d073dd82bf1e1bf
h1_strict,no_update,2,6,4.692148016038391,0.5283004496556833,6.6356993609435015,0.7232227225122463,0.0,0,/Users/dmitrijabovskij/Desktop/Airi/outputs/lachance_foldlocal_semigroup_stress_v188_h1_2026-07-29/v157f_stress_aggregate.csv,48be8e0ccb9806b3490e2d34d1f0766291094ab3f7a3814f3d073dd82bf1e1bf
h1_strict,delay_1frame,2,6,4.767351655335727,0.4928896624977268,6.74205336757761,0.7141759711674843,-1.6947027904991518,0,/Users/dmitrijabovskij/Desktop/Airi/outputs/lachance_foldlocal_semigroup_stress_v188_h1_2026-07-29/v157f_stress_aggregate.csv,48be8e0ccb9806b3490e2d34d1f0766291094ab3f7a3814f3d073dd82bf1e1bf
h1_strict,wrong_cell,2,6,4.817362820010341,0.5125727878786009,6.812779834930524,0.7082427777176171,-2.736298581111011,0,/Users/dmitrijabovskij/Desktop/Airi/outputs/lachance_foldlocal_semigroup_stress_v188_h1_2026-07-29/v157f_stress_aggregate.csv,48be8e0ccb9806b3490e2d34d1f0766291094ab3f7a3814f3d073dd82bf1e1bf
h1_strict,real_update_every_1,4,6,5.733410335143067,0.7150817835279705,8.108266654609398,0.872190621263004,11.6358906942337,6,/Users/dmitrijabovskij/Desktop/Airi/outputs/lachance_foldlocal_semigroup_stress_v188_h1_2026-07-29/v157f_stress_aggregate.csv,48be8e0ccb9806b3490e2d34d1f0766291094ab3f7a3814f3d073dd82bf1e1bf
h1_strict,update_every_1,4,6,5.733410335143067,0.7150817835279705,8.108266654609398,0.872190621263004,11.6358906942337,6,/Users/dmitrijabovskij/Desktop/Airi/outputs/lachance_foldlocal_semigroup_stress_v188_h1_2026-07-29/v157f_stress_aggregate.csv,48be8e0ccb9806b3490e2d34d1f0766291094ab3f7a3814f3d073dd82bf1e1bf
h1_strict,tracking_noise_0.5px,4,6,5.742452407450319,0.7069344848620418,8.121054075898272,0.8717785862048905,11.48381110602483,6,/Users/dmitrijabovskij/Desktop/Airi/outputs/lachance_foldlocal_semigroup_stress_v188_h1_2026-07-29/v157f_stress_aggregate.csv,48be8e0ccb9806b3490e2d34d1f0766291094ab3f7a3814f3d073dd82bf1e1bf
h1_strict,tracking_noise_1px,4,6,5.790829630240065,0.6728590095169036,8.189469800477475,0.8695778503826874,10.67929245658114,6,/Users/dmitrijabovskij/Desktop/Airi/outputs/lachance_foldlocal_semigroup_stress_v188_h1_2026-07-29/v157f_stress_aggregate.csv,48be8e0ccb9806b3490e2d34d1f0766291094ab3f7a3814f3d073dd82bf1e1bf
h1_strict,missing_0.1,4,6,5.807660188650318,0.709717552352234,8.213271804443567,0.8688986575454091,10.478781450284217,6,/Users/dmitrijabovskij/Desktop/Airi/outputs/lachance_foldlocal_semigroup_stress_v188_h1_2026-07-29/v157f_stress_aggregate.csv,48be8e0ccb9806b3490e2d34d1f0766291094ab3f7a3814f3d073dd82bf1e1bf
h1_strict,missing_0.2,4,6,5.882207770752399,0.707608404095196,8.318698006094452,0.8655599408956144,9.319449429457514,6,/Users/dmitrijabovskij/Desktop/Airi/outputs/lachance_foldlocal_semigroup_stress_v188_h1_2026-07-29/v157f_stress_aggregate.csv,48be8e0ccb9806b3490e2d34d1f0766291094ab3f7a3814f3d073dd82bf1e1bf
h1_strict,tracking_noise_2px,4,6,5.98386759178042,0.5647539481465151,8.4624667037407,0.8606485590997711,7.509352065436826,6,/Users/dmitrijabovskij/Desktop/Airi/outputs/lachance_foldlocal_semigroup_stress_v188_h1_2026-07-29/v157f_stress_aggregate.csv,48be8e0ccb9806b3490e2d34d1f0766291094ab3f7a3814f3d073dd82bf1e1bf
h1_strict,missing_0.4,4,6,6.029326298222062,0.6937757681137956,8.526755022918408,0.8588107552059295,7.019927857587455,6,/Users/dmitrijabovskij/Desktop/Airi/outputs/lachance_foldlocal_semigroup_stress_v188_h1_2026-07-29/v157f_stress_aggregate.csv,48be8e0ccb9806b3490e2d34d1f0766291094ab3f7a3814f3d073dd82bf1e1bf
h1_strict,delay_1frame,4,6,6.091226193761551,0.6931877993701399,8.614294694699831,0.8559388340665475,6.0536201935100635,6,/Users/dmitrijabovskij/Desktop/Airi/outputs/lachance_foldlocal_semigroup_stress_v188_h1_2026-07-29/v157f_stress_aggregate.csv,48be8e0ccb9806b3490e2d34d1f0766291094ab3f7a3814f3d073dd82bf1e1bf
h1_strict,update_every_2,4,6,6.124509781330532,0.7228046927569394,8.661364795644317,0.8544402850136036,5.574664445188604,6,/Users/dmitrijabovskij/Desktop/Airi/outputs/lachance_foldlocal_semigroup_stress_v188_h1_2026-07-29/v157f_stress_aggregate.csv,48be8e0ccb9806b3490e2d34d1f0766291094ab3f7a3814f3d073dd82bf1e1bf
h1_strict,update_every_3,4,6,6.2148711263523895,0.6996321728444298,8.789155035288502,0.8500676552005992,4.146323369094275,6,/Users/dmitrijabovskij/Desktop/Airi/outputs/lachance_foldlocal_semigroup_stress_v188_h1_2026-07-29/v157f_stress_aggregate.csv,48be8e0ccb9806b3490e2d34d1f0766291094ab3f7a3814f3d073dd82bf1e1bf
h1_strict,update_every_6,4,6,6.370234529588703,0.6988017461419068,9.008872067241736,0.8425566777057775,1.7284283559907725,6,/Users/dmitrijabovskij/Desktop/Airi/outputs/lachance_foldlocal_semigroup_stress_v188_h1_2026-07-29/v157f_stress_aggregate.csv,48be8e0ccb9806b3490e2d34d1f0766291094ab3f7a3814f3d073dd82bf1e1bf
h1_strict,no_update,4,6,6.479881277411175,0.6812862143374457,9.16393598508238,0.8370813057016641,0.0,0,/Users/dmitrijabovskij/Desktop/Airi/outputs/lachance_foldlocal_semigroup_stress_v188_h1_2026-07-29/v157f_stress_aggregate.csv,48be8e0ccb9806b3490e2d34d1f0766291094ab3f7a3814f3d073dd82bf1e1bf
h1_strict,wrong_cell,4,6,6.683110713494091,0.6483197644282498,9.451345809864277,0.8267313715012844,-3.224462289637442,0,/Users/dmitrijabovskij/Desktop/Airi/outputs/lachance_foldlocal_semigroup_stress_v188_h1_2026-07-29/v157f_stress_aggregate.csv,48be8e0ccb9806b3490e2d34d1f0766291094ab3f7a3814f3d073dd82bf1e1bf
h1_strict,real_update_every_1,6,6,6.7846380047434645,0.8353324822226045,9.594927082100144,0.9050428519157294,13.280449335117476,6,/Users/dmitrijabovskij/Desktop/Airi/outputs/lachance_foldlocal_semigroup_stress_v188_h1_2026-07-29/v157f_stress_aggregate.csv,48be8e0ccb9806b3490e2d34d1f0766291094ab3f7a3814f3d073dd82bf1e1bf
h1_strict,update_every_1,6,6,6.7846380047434645,0.8353324822226045,9.594927082100144,0.9050428519157294,13.280449335117476,6,/Users/dmitrijabovskij/Desktop/Airi/outputs/lachance_foldlocal_semigroup_stress_v188_h1_2026-07-29/v157f_stress_aggregate.csv,48be8e0ccb9806b3490e2d34d1f0766291094ab3f7a3814f3d073dd82bf1e1bf
h1_strict,tracking_noise_0.5px,6,6,6.796238250354556,0.8226581664780542,9.611332306770208,0.9047160863418938,13.116568485162295,6,/Users/dmitrijabovskij/Desktop/Airi/outputs/lachance_foldlocal_semigroup_stress_v188_h1_2026-07-29/v157f_stress_aggregate.csv,48be8e0ccb9806b3490e2d34d1f0766291094ab3f7a3814f3d073dd82bf1e1bf
h1_strict,tracking_noise_1px,6,6,6.865356309032612,0.7687905677763922,9.709080002757611,0.9027430684864594,12.156027842278789,6,/Users/dmitrijabovskij/Desktop/Airi/outputs/lachance_foldlocal_semigroup_stress_v188_h1_2026-07-29/v157f_stress_aggregate.csv,48be8e0ccb9806b3490e2d34d1f0766291094ab3f7a3814f3d073dd82bf1e1bf
h1_strict,missing_0.1,6,6,6.883375463656685,0.8254194590437607,9.734562935609476,0.9023163010132348,12.00560317163959,6,/Users/dmitrijabovskij/Desktop/Airi/outputs/lachance_foldlocal_semigroup_stress_v188_h1_2026-07-29/v157f_stress_aggregate.csv,48be8e0ccb9806b3490e2d34d1f0766291094ab3f7a3814f3d073dd82bf1e1bf
h1_strict,missing_0.2,6,6,6.9875627197108265,0.8185781516703788,9.88190596614768,0.8994044378912772,10.662399921492268,6,/Users/dmitrijabovskij/Desktop/Airi/outputs/lachance_foldlocal_semigroup_stress_v188_h1_2026-07-29/v157f_stress_aggregate.csv,48be8e0ccb9806b3490e2d34d1f0766291094ab3f7a3814f3d073dd82bf1e1bf
h1_strict,delay_1frame,6,6,7.108213450973497,0.8260857410183203,10.05253186660958,0.8959496216326913,9.112673847039686,6,/Users/dmitrijabovskij/Desktop/Airi/outputs/lachance_foldlocal_semigroup_stress_v188_h1_2026-07-29/v157f_stress_aggregate.csv,48be8e0ccb9806b3490e2d34d1f0766291094ab3f7a3814f3d073dd82bf1e1bf
h1_strict,tracking_noise_2px,6,6,7.163813620272275,0.6138216766379734,10.131162380102152,0.8939797395402094,8.07717323450767,6,/Users/dmitrijabovskij/Desktop/Airi/outputs/lachance_foldlocal_semigroup_stress_v188_h1_2026-07-29/v157f_stress_aggregate.csv,48be8e0ccb9806b3490e2d34d1f0766291094ab3f7a3814f3d073dd82bf1e1bf
h1_strict,missing_0.4,6,6,7.187462667038207,0.7937557507715289,10.164607182775727,0.8936480688402922,8.071539492657042,6,/Users/dmitrijabovskij/Desktop/Airi/outputs/lachance_foldlocal_semigroup_stress_v188_h1_2026-07-29/v157f_stress_aggregate.csv,48be8e0ccb9806b3490e2d34d1f0766291094ab3f7a3814f3d073dd82bf1e1bf
h1_strict,update_every_2,6,6,7.30568081949433,0.8068886001926168,10.331792897297868,0.8902380184565901,6.563358598309841,6,/Users/dmitrijabovskij/Desktop/Airi/outputs/lachance_foldlocal_semigroup_stress_v188_h1_2026-07-29/v157f_stress_aggregate.csv,48be8e0ccb9806b3490e2d34d1f0766291094ab3f7a3814f3d073dd82bf1e1bf
h1_strict,update_every_3,6,6,7.443473919502455,0.7941383410690356,10.526661768130792,0.8860513935490291,4.781619440428225,6,/Users/dmitrijabovskij/Desktop/Airi/outputs/lachance_foldlocal_semigroup_stress_v188_h1_2026-07-29/v157f_stress_aggregate.csv,48be8e0ccb9806b3490e2d34d1f0766291094ab3f7a3814f3d073dd82bf1e1bf
h1_strict,update_every_6,6,6,7.647252329240733,0.7848449125212335,10.814847958901488,0.8798185421396827,2.14819679593506,6,/Users/dmitrijabovskij/Desktop/Airi/outputs/lachance_foldlocal_semigroup_stress_v188_h1_2026-07-29/v157f_stress_aggregate.csv,48be8e0ccb9806b3490e2d34d1f0766291094ab3f7a3814f3d073dd82bf1e1bf
h1_strict,no_update,6,6,7.8120400713591165,0.761255921746067,11.047893018718142,0.8746039002712102,0.0,0,/Users/dmitrijabovskij/Desktop/Airi/outputs/lachance_foldlocal_semigroup_stress_v188_h1_2026-07-29/v157f_stress_aggregate.csv,48be8e0ccb9806b3490e2d34d1f0766291094ab3f7a3814f3d073dd82bf1e1bf
h1_strict,wrong_cell,6,6,8.101143319114202,0.7282530879077984,11.456746752619496,0.8651460406507016,-3.788939034824795,0,/Users/dmitrijabovskij/Desktop/Airi/outputs/lachance_foldlocal_semigroup_stress_v188_h1_2026-07-29/v157f_stress_aggregate.csv,48be8e0ccb9806b3490e2d34d1f0766291094ab3f7a3814f3d073dd82bf1e1bf
h6_utility,no_update,1,6,3.483013707781548,0.4370554357080337,4.925725223476065,0.5059191051218614,0.0,0,/Users/dmitrijabovskij/Desktop/Airi/outputs/lachance_foldlocal_semigroup_stress_v188_h6_2026-07-29/v157f_stress_aggregate.csv,dcb5d2e44f3c5159698f9647f56d320830e555d33a48f6905cd369f8d8b42f69
h6_utility,update_every_6,1,6,3.534774968331188,0.4288871763754982,4.998926700150893,0.4909656649380038,-1.5313875914884998,0,/Users/dmitrijabovskij/Desktop/Airi/outputs/lachance_foldlocal_semigroup_stress_v188_h6_2026-07-29/v157f_stress_aggregate.csv,dcb5d2e44f3c5159698f9647f56d320830e555d33a48f6905cd369f8d8b42f69
h6_utility,update_every_3,1,6,3.5929541552576616,0.4272694639931444,5.081204495350152,0.4738541192162968,-3.2306752149363054,0,/Users/dmitrijabovskij/Desktop/Airi/outputs/lachance_foldlocal_semigroup_stress_v188_h6_2026-07-29/v157f_stress_aggregate.csv,dcb5d2e44f3c5159698f9647f56d320830e555d33a48f6905cd369f8d8b42f69
h6_utility,update_every_2,1,6,3.6400758112169473,0.4204895460324954,5.147844580289253,0.4598572090273496,-4.624416417475087,0,/Users/dmitrijabovskij/Desktop/Airi/outputs/lachance_foldlocal_semigroup_stress_v188_h6_2026-07-29/v157f_stress_aggregate.csv,dcb5d2e44f3c5159698f9647f56d320830e555d33a48f6905cd369f8d8b42f69
h6_utility,missing_0.4,1,6,3.68310912902684,0.4169689515602016,5.208702881969915,0.4466608124308504,-5.890711617625264,0,/Users/dmitrijabovskij/Desktop/Airi/outputs/lachance_foldlocal_semigroup_stress_v188_h6_2026-07-29/v157f_stress_aggregate.csv,dcb5d2e44f3c5159698f9647f56d320830e555d33a48f6905cd369f8d8b42f69
h6_utility,missing_0.2,1,6,3.744511180995403,0.4189382799037014,5.295538496621394,0.4278222453428021,-7.67408073232176,0,/Users/dmitrijabovskij/Desktop/Airi/outputs/lachance_foldlocal_semigroup_stress_v188_h6_2026-07-29/v157f_stress_aggregate.csv,dcb5d2e44f3c5159698f9647f56d320830e555d33a48f6905cd369f8d8b42f69
h6_utility,delay_1frame,1,6,3.770638188282591,0.4167465662575331,5.332487664671156,0.4207462305204867,-8.457399238212874,0,/Users/dmitrijabovskij/Desktop/Airi/outputs/lachance_foldlocal_semigroup_stress_v188_h6_2026-07-29/v157f_stress_aggregate.csv,dcb5d2e44f3c5159698f9647f56d320830e555d33a48f6905cd369f8d8b42f69
h6_utility,missing_0.1,1,6,3.776515988778081,0.4169234391289915,5.340800129848802,0.4178893021920235,-8.613820983720629,0,/Users/dmitrijabovskij/Desktop/Airi/outputs/lachance_foldlocal_semigroup_stress_v188_h6_2026-07-29/v157f_stress_aggregate.csv,dcb5d2e44f3c5159698f9647f56d320830e555d33a48f6905cd369f8d8b42f69
h6_utility,real_update_every_1,1,6,3.807964932715256,0.4175589226425081,5.385275652887064,0.4079878705272236,-9.532741053158263,0,/Users/dmitrijabovskij/Desktop/Airi/outputs/lachance_foldlocal_semigroup_stress_v188_h6_2026-07-29/v157f_stress_aggregate.csv,dcb5d2e44f3c5159698f9647f56d320830e555d33a48f6905cd369f8d8b42f69
h6_utility,update_every_1,1,6,3.807964932715256,0.4175589226425081,5.385275652887064,0.4079878705272236,-9.532741053158263,0,/Users/dmitrijabovskij/Desktop/Airi/outputs/lachance_foldlocal_semigroup_stress_v188_h6_2026-07-29/v157f_stress_aggregate.csv,dcb5d2e44f3c5159698f9647f56d320830e555d33a48f6905cd369f8d8b42f69
h6_utility,tracking_noise_0.5px,1,6,3.820640039479128,0.4143280777975973,5.40320096077706,0.4040325775710149,-9.909602327134449,0,/Users/dmitrijabovskij/Desktop/Airi/outputs/lachance_foldlocal_semigroup_stress_v188_h6_2026-07-29/v157f_stress_aggregate.csv,dcb5d2e44f3c5159698f9647f56d320830e555d33a48f6905cd369f8d8b42f69
h6_utility,tracking_noise_1px,1,6,3.85595728599658,0.4033326844316595,5.4531470897877155,0.3926985540378716,-10.97453010297739,0,/Users/dmitrijabovskij/Desktop/Airi/outputs/lachance_foldlocal_semigroup_stress_v188_h6_2026-07-29/v157f_stress_aggregate.csv,dcb5d2e44f3c5159698f9647f56d320830e555d33a48f6905cd369f8d8b42f69
h6_utility,wrong_cell,1,6,3.8575695592465182,0.4344638895286166,5.4554271884840295,0.3929785730778588,-10.915220655648564,0,/Users/dmitrijabovskij/Desktop/Airi/outputs/lachance_foldlocal_semigroup_stress_v188_h6_2026-07-29/v157f_stress_aggregate.csv,dcb5d2e44f3c5159698f9647f56d320830e555d33a48f6905cd369f8d8b42f69
h6_utility,tracking_noise_2px,1,6,3.9608668037698713,0.3768792168943338,5.601511552644724,0.3583697198631841,-14.124022953054649,0,/Users/dmitrijabovskij/Desktop/Airi/outputs/lachance_foldlocal_semigroup_stress_v188_h6_2026-07-29/v157f_stress_aggregate.csv,dcb5d2e44f3c5159698f9647f56d320830e555d33a48f6905cd369f8d8b42f69
h6_utility,real_update_every_1,2,6,4.180735110335249,0.4818032143967765,5.912452293725487,0.7803309467767184,10.918950684900455,6,/Users/dmitrijabovskij/Desktop/Airi/outputs/lachance_foldlocal_semigroup_stress_v188_h6_2026-07-29/v157f_stress_aggregate.csv,dcb5d2e44f3c5159698f9647f56d320830e555d33a48f6905cd369f8d8b42f69
h6_utility,update_every_1,2,6,4.180735110335249,0.4818032143967765,5.912452293725487,0.7803309467767184,10.918950684900455,6,/Users/dmitrijabovskij/Desktop/Airi/outputs/lachance_foldlocal_semigroup_stress_v188_h6_2026-07-29/v157f_stress_aggregate.csv,dcb5d2e44f3c5159698f9647f56d320830e555d33a48f6905cd369f8d8b42f69
h6_utility,tracking_noise_0.5px,2,6,4.197976526661424,0.4793848454227099,5.936835338528485,0.778508062112405,10.543675488135031,6,/Users/dmitrijabovskij/Desktop/Airi/outputs/lachance_foldlocal_semigroup_stress_v188_h6_2026-07-29/v157f_stress_aggregate.csv,dcb5d2e44f3c5159698f9647f56d320830e555d33a48f6905cd369f8d8b42f69
h6_utility,missing_0.1,2,6,4.230018446053038,0.4856940145304726,5.982149455496571,0.7750942981154192,9.866315911969629,6,/Users/dmitrijabovskij/Desktop/Airi/outputs/lachance_foldlocal_semigroup_stress_v188_h6_2026-07-29/v157f_stress_aggregate.csv,dcb5d2e44f3c5159698f9647f56d320830e555d33a48f6905cd369f8d8b42f69
h6_utility,tracking_noise_1px,2,6,4.249546419612364,0.4627980567323708,6.009766180549832,0.7729407308521753,9.399308665119465,6,/Users/dmitrijabovskij/Desktop/Airi/outputs/lachance_foldlocal_semigroup_stress_v188_h6_2026-07-29/v157f_stress_aggregate.csv,dcb5d2e44f3c5159698f9647f56d320830e555d33a48f6905cd369f8d8b42f69
h6_utility,missing_0.2,2,6,4.27861819920611,0.494396041338533,6.05087988553363,0.7699201855968595,8.836280042385964,6,/Users/dmitrijabovskij/Desktop/Airi/outputs/lachance_foldlocal_semigroup_stress_v188_h6_2026-07-29/v157f_stress_aggregate.csv,dcb5d2e44f3c5159698f9647f56d320830e555d33a48f6905cd369f8d8b42f69
h6_utility,missing_0.4,2,6,4.384780771714859,0.4919399357915626,6.20101643539192,0.7582749924025026,6.546300332586355,6,/Users/dmitrijabovskij/Desktop/Airi/outputs/lachance_foldlocal_semigroup_stress_v188_h6_2026-07-29/v157f_stress_aggregate.csv,dcb5d2e44f3c5159698f9647f56d320830e555d33a48f6905cd369f8d8b42f69
h6_utility,tracking_noise_2px,2,6,4.406661192266048,0.4234993433024824,6.231960022885839,0.7556067882131483,5.931508358533269,6,/Users/dmitrijabovskij/Desktop/Airi/outputs/lachance_foldlocal_semigroup_stress_v188_h6_2026-07-29/v157f_stress_aggregate.csv,dcb5d2e44f3c5159698f9647f56d320830e555d33a48f6905cd369f8d8b42f69
h6_utility,update_every_2,2,6,4.431481623268919,0.4890974361538858,6.267061413034045,0.7530829293120808,5.533081686610223,6,/Users/dmitrijabovskij/Desktop/Airi/outputs/lachance_foldlocal_semigroup_stress_v188_h6_2026-07-29/v157f_stress_aggregate.csv,dcb5d2e44f3c5159698f9647f56d320830e555d33a48f6905cd369f8d8b42f69
h6_utility,update_every_3,2,6,4.528172422678688,0.4992744646219723,6.403802852916036,0.7421650192618158,3.473159663407088,6,/Users/dmitrijabovskij/Desktop/Airi/outputs/lachance_foldlocal_semigroup_stress_v188_h6_2026-07-29/v157f_stress_aggregate.csv,dcb5d2e44f3c5159698f9647f56d320830e555d33a48f6905cd369f8d8b42f69
h6_utility,update_every_6,2,6,4.617564083124442,0.5131491758585477,6.530221751481473,0.7319058445573533,1.5755000783271207,6,/Users/dmitrijabovskij/Desktop/Airi/outputs/lachance_foldlocal_semigroup_stress_v188_h6_2026-07-29/v157f_stress_aggregate.csv,dcb5d2e44f3c5159698f9647f56d320830e555d33a48f6905cd369f8d8b42f69
h6_utility,no_update,2,6,4.692148016038391,0.5283004496556833,6.6356993609435015,0.7232227225122463,0.0,0,/Users/dmitrijabovskij/Desktop/Airi/outputs/lachance_foldlocal_semigroup_stress_v188_h6_2026-07-29/v157f_stress_aggregate.csv,dcb5d2e44f3c5159698f9647f56d320830e555d33a48f6905cd369f8d8b42f69
h6_utility,wrong_cell,2,6,5.1002436456039275,0.4771068005777203,7.212833735020272,0.6726302550215116,-8.899802162550866,0,/Users/dmitrijabovskij/Desktop/Airi/outputs/lachance_foldlocal_semigroup_stress_v188_h6_2026-07-29/v157f_stress_aggregate.csv,dcb5d2e44f3c5159698f9647f56d320830e555d33a48f6905cd369f8d8b42f69
h6_utility,delay_1frame,2,6,5.164902525040719,0.5089336369911216,7.30427519924763,0.6644373179625108,-10.254309520939158,0,/Users/dmitrijabovskij/Desktop/Airi/outputs/lachance_foldlocal_semigroup_stress_v188_h6_2026-07-29/v157f_stress_aggregate.csv,dcb5d2e44f3c5159698f9647f56d320830e555d33a48f6905cd369f8d8b42f69
h6_utility,real_update_every_1,4,6,4.92497815384113,0.6430861782151399,6.964970899553335,0.9058703966542828,24.158739664171705,6,/Users/dmitrijabovskij/Desktop/Airi/outputs/lachance_foldlocal_semigroup_stress_v188_h6_2026-07-29/v157f_stress_aggregate.csv,dcb5d2e44f3c5159698f9647f56d320830e555d33a48f6905cd369f8d8b42f69
h6_utility,update_every_1,4,6,4.92497815384113,0.6430861782151399,6.964970899553335,0.9058703966542828,24.158739664171705,6,/Users/dmitrijabovskij/Desktop/Airi/outputs/lachance_foldlocal_semigroup_stress_v188_h6_2026-07-29/v157f_stress_aggregate.csv,dcb5d2e44f3c5159698f9647f56d320830e555d33a48f6905cd369f8d8b42f69
h6_utility,tracking_noise_0.5px,4,6,4.949317258104222,0.6386497203998127,6.9993915908982105,0.9049335680151184,23.774418412006668,6,/Users/dmitrijabovskij/Desktop/Airi/outputs/lachance_foldlocal_semigroup_stress_v188_h6_2026-07-29/v157f_stress_aggregate.csv,dcb5d2e44f3c5159698f9647f56d320830e555d33a48f6905cd369f8d8b42f69
h6_utility,tracking_noise_1px,4,6,5.028117377218329,0.6141612402381881,7.110831788065997,0.9018698847590798,22.514284261956263,6,/Users/dmitrijabovskij/Desktop/Airi/outputs/lachance_foldlocal_semigroup_stress_v188_h6_2026-07-29/v157f_stress_aggregate.csv,dcb5d2e44f3c5159698f9647f56d320830e555d33a48f6905cd369f8d8b42f69
h6_utility,missing_0.1,4,6,5.0887610545459685,0.6425344670274842,7.196594899014922,0.8994981545921927,21.60802607066168,6,/Users/dmitrijabovskij/Desktop/Airi/outputs/lachance_foldlocal_semigroup_stress_v188_h6_2026-07-29/v157f_stress_aggregate.csv,dcb5d2e44f3c5159698f9647f56d320830e555d33a48f6905cd369f8d8b42f69
h6_utility,missing_0.2,4,6,5.254399303681887,0.6540698212518357,7.430842757390671,0.892897432339767,19.044365856547476,6,/Users/dmitrijabovskij/Desktop/Airi/outputs/lachance_foldlocal_semigroup_stress_v188_h6_2026-07-29/v157f_stress_aggregate.csv,dcb5d2e44f3c5159698f9647f56d320830e555d33a48f6905cd369f8d8b42f69
h6_utility,tracking_noise_2px,4,6,5.289358340477591,0.5422658392017319,7.480282301354656,0.8913395551073066,18.34629721745486,6,/Users/dmitrijabovskij/Desktop/Airi/outputs/lachance_foldlocal_semigroup_stress_v188_h6_2026-07-29/v157f_stress_aggregate.csv,dcb5d2e44f3c5159698f9647f56d320830e555d33a48f6905cd369f8d8b42f69
h6_utility,missing_0.4,4,6,5.578931911461396,0.6459855941019355,7.889801172744761,0.8791963037834988,13.980360278974198,6,/Users/dmitrijabovskij/Desktop/Airi/outputs/lachance_foldlocal_semigroup_stress_v188_h6_2026-07-29/v157f_stress_aggregate.csv,dcb5d2e44f3c5159698f9647f56d320830e555d33a48f6905cd369f8d8b42f69
h6_utility,update_every_2,4,6,5.724290286250965,0.6085533727716369,8.095368957776682,0.872725344228024,11.66345725602237,6,/Users/dmitrijabovskij/Desktop/Airi/outputs/lachance_foldlocal_semigroup_stress_v188_h6_2026-07-29/v157f_stress_aggregate.csv,dcb5d2e44f3c5159698f9647f56d320830e555d33a48f6905cd369f8d8b42f69
h6_utility,delay_1frame,4,6,5.809879819356435,0.6327487073134462,8.216410836291617,0.8691534527235575,10.362628755907489,6,/Users/dmitrijabovskij/Desktop/Airi/outputs/lachance_foldlocal_semigroup_stress_v188_h6_2026-07-29/v157f_stress_aggregate.csv,dcb5d2e44f3c5159698f9647f56d320830e555d33a48f6905cd369f8d8b42f69
h6_utility,update_every_3,4,6,5.980657156048998,0.6510224188771617,8.457926461988196,0.8611877428555869,7.7318339759649,6,/Users/dmitrijabovskij/Desktop/Airi/outputs/lachance_foldlocal_semigroup_stress_v188_h6_2026-07-29/v157f_stress_aggregate.csv,dcb5d2e44f3c5159698f9647f56d320830e555d33a48f6905cd369f8d8b42f69
h6_utility,update_every_6,4,6,6.262712749868374,0.6618780030818155,8.856813308110754,0.8477463935328139,3.3545481399513792,6,/Users/dmitrijabovskij/Desktop/Airi/outputs/lachance_foldlocal_semigroup_stress_v188_h6_2026-07-29/v157f_stress_aggregate.csv,dcb5d2e44f3c5159698f9647f56d320830e555d33a48f6905cd369f8d8b42f69
h6_utility,no_update,4,6,6.479881277411175,0.6812862143374457,9.16393598508238,0.8370813057016641,0.0,0,/Users/dmitrijabovskij/Desktop/Airi/outputs/lachance_foldlocal_semigroup_stress_v188_h6_2026-07-29/v157f_stress_aggregate.csv,dcb5d2e44f3c5159698f9647f56d320830e555d33a48f6905cd369f8d8b42f69
h6_utility,wrong_cell,4,6,7.035743288657706,0.6041598583980994,9.95004358019521,0.8078711129717365,-8.78134042893896,0,/Users/dmitrijabovskij/Desktop/Airi/outputs/lachance_foldlocal_semigroup_stress_v188_h6_2026-07-29/v157f_stress_aggregate.csv,dcb5d2e44f3c5159698f9647f56d320830e555d33a48f6905cd369f8d8b42f69
h6_utility,real_update_every_1,6,6,5.500748634593833,0.7157250217982891,7.779233322247883,0.9377208553285478,29.763802339504466,6,/Users/dmitrijabovskij/Desktop/Airi/outputs/lachance_foldlocal_semigroup_stress_v188_h6_2026-07-29/v157f_stress_aggregate.csv,dcb5d2e44f3c5159698f9647f56d320830e555d33a48f6905cd369f8d8b42f69
h6_utility,update_every_1,6,6,5.500748634593833,0.7157250217982891,7.779233322247883,0.9377208553285478,29.763802339504466,6,/Users/dmitrijabovskij/Desktop/Airi/outputs/lachance_foldlocal_semigroup_stress_v188_h6_2026-07-29/v157f_stress_aggregate.csv,dcb5d2e44f3c5159698f9647f56d320830e555d33a48f6905cd369f8d8b42f69
h6_utility,tracking_noise_0.5px,6,6,5.530743711921261,0.7118409752993831,7.821652767408762,0.9370406057288262,29.3732765491788,6,/Users/dmitrijabovskij/Desktop/Airi/outputs/lachance_foldlocal_semigroup_stress_v188_h6_2026-07-29/v157f_stress_aggregate.csv,dcb5d2e44f3c5159698f9647f56d320830e555d33a48f6905cd369f8d8b42f69
h6_utility,tracking_noise_1px,6,6,5.633629493420472,0.676130195907516,7.967155234980299,0.9346739133088482,28.008179781630066,6,/Users/dmitrijabovskij/Desktop/Airi/outputs/lachance_foldlocal_semigroup_stress_v188_h6_2026-07-29/v157f_stress_aggregate.csv,dcb5d2e44f3c5159698f9647f56d320830e555d33a48f6905cd369f8d8b42f69
h6_utility,missing_0.1,6,6,5.750276816299487,0.715683787612679,8.13211946101032,0.931964139357576,26.546151642634623,6,/Users/dmitrijabovskij/Desktop/Airi/outputs/lachance_foldlocal_semigroup_stress_v188_h6_2026-07-29/v157f_stress_aggregate.csv,dcb5d2e44f3c5159698f9647f56d320830e555d33a48f6905cd369f8d8b42f69
h6_utility,tracking_noise_2px,6,6,5.989218299686148,0.5606268444722963,8.470033747429278,0.9261387795060008,23.29516777306645,6,/Users/dmitrijabovskij/Desktop/Airi/outputs/lachance_foldlocal_semigroup_stress_v188_h6_2026-07-29/v157f_stress_aggregate.csv,dcb5d2e44f3c5159698f9647f56d320830e555d33a48f6905cd369f8d8b42f69
h6_utility,missing_0.2,6,6,6.0088791448737595,0.7310570858642903,8.497838381341316,0.9257759658321368,23.22902183720104,6,/Users/dmitrijabovskij/Desktop/Airi/outputs/lachance_foldlocal_semigroup_stress_v188_h6_2026-07-29/v157f_stress_aggregate.csv,dcb5d2e44f3c5159698f9647f56d320830e555d33a48f6905cd369f8d8b42f69
h6_utility,delay_1frame,6,6,6.329805008851781,0.6931912758350322,8.951696090695338,0.9177094697466288,19.05359910398853,6,/Users/dmitrijabovskij/Desktop/Airi/outputs/lachance_foldlocal_semigroup_stress_v188_h6_2026-07-29/v157f_stress_aggregate.csv,dcb5d2e44f3c5159698f9647f56d320830e555d33a48f6905cd369f8d8b42f69
h6_utility,missing_0.4,6,6,6.494450980612563,0.7229897665970022,9.184540656949537,0.9132577804207372,16.95474136698626,6,/Users/dmitrijabovskij/Desktop/Airi/outputs/lachance_foldlocal_semigroup_stress_v188_h6_2026-07-29/v157f_stress_aggregate.csv,dcb5d2e44f3c5159698f9647f56d320830e555d33a48f6905cd369f8d8b42f69
h6_utility,update_every_2,6,6,6.726648602047107,0.6581133143007635,9.51291768233304,0.9068244238458536,13.883546996304396,6,/Users/dmitrijabovskij/Desktop/Airi/outputs/lachance_foldlocal_semigroup_stress_v188_h6_2026-07-29/v157f_stress_aggregate.csv,dcb5d2e44f3c5159698f9647f56d320830e555d33a48f6905cd369f8d8b42f69
h6_utility,update_every_3,6,6,7.09554716052791,0.71441779223601,10.034619026876474,0.8965297251209631,9.191844252215056,6,/Users/dmitrijabovskij/Desktop/Airi/outputs/lachance_foldlocal_semigroup_stress_v188_h6_2026-07-29/v157f_stress_aggregate.csv,dcb5d2e44f3c5159698f9647f56d320830e555d33a48f6905cd369f8d8b42f69
h6_utility,update_every_6,6,6,7.48582428904486,0.7319829748646399,10.586554235109174,0.8847823745374575,4.1751482043390675,6,/Users/dmitrijabovskij/Desktop/Airi/outputs/lachance_foldlocal_semigroup_stress_v188_h6_2026-07-29/v157f_stress_aggregate.csv,dcb5d2e44f3c5159698f9647f56d320830e555d33a48f6905cd369f8d8b42f69
h6_utility,no_update,6,6,7.8120400713591165,0.761255921746067,11.047893018718142,0.8746039002712102,0.0,0,/Users/dmitrijabovskij/Desktop/Airi/outputs/lachance_foldlocal_semigroup_stress_v188_h6_2026-07-29/v157f_stress_aggregate.csv,dcb5d2e44f3c5159698f9647f56d320830e555d33a48f6905cd369f8d8b42f69
h6_utility,wrong_cell,6,6,8.462679914275641,0.6660427178485908,11.968036708790992,0.8528588907831879,-8.519474772582882,0,/Users/dmitrijabovskij/Desktop/Airi/outputs/lachance_foldlocal_semigroup_stress_v188_h6_2026-07-29/v157f_stress_aggregate.csv,dcb5d2e44f3c5159698f9647f56d320830e555d33a48f6905cd369f8d8b42f69
