method,comparator,horizon,movies,mean_rmse_delta_comparator_minus_method,delta_ci_low,delta_ci_high,relative_gain_percent,method_better_movies,exact_two_sided_sign_flip_p,confirmatory,hypothesis_id,multiplicity_family,statistical_unit,holm_adjusted_p,reject_at_0_05
v166_h1_strict,constant_velocity,1,6,0.8173343988563713,0.6736957190635415,0.9736047951013522,18.820969860411513,6,0.03125,False,,exploratory,movie,,False
v166_h1_strict,displacement_kf_ca,1,6,0.9427713803754346,0.8372342999944088,1.0690816554425597,21.247566370346764,6,0.03125,False,,exploratory,movie,,False
v166_h1_strict,displacement_kf_cv,1,6,0.5470755350893831,0.45574871283795554,0.6539067792525567,13.451726832479181,6,0.03125,False,,exploratory,movie,,False
v166_h1_strict,gru_track,1,6,0.15383356004682813,0.08570336679801693,0.23058640835829144,4.035840334428534,6,0.03125,False,,exploratory,movie,,False
v166_h1_strict,hgbdt_v52,1,6,0.017989369131402515,-0.04753356924958211,0.09136010374227066,0.2825392525417016,3,0.6875,False,,exploratory,movie,,False
v166_h1_strict,kalmannet,1,6,0.4518849438070685,0.3999219624685131,0.5152499343958815,11.44813314251183,6,0.03125,False,,exploratory,movie,,False
v166_h1_strict,position_imm,1,6,0.4709482443636752,0.4050809638843004,0.5548104035670315,11.836296923959793,6,0.03125,False,,exploratory,movie,,False
v166_h1_strict,position_kf_ca,1,6,1.1273892176455356,1.021350538552067,1.265395248791252,24.433075955412416,6,0.03125,False,,exploratory,movie,,False
v166_h1_strict,position_kf_cv,1,6,0.5099654050972161,0.4450730919022048,0.5971561240783013,12.711845094917807,6,0.03125,False,,exploratory,movie,,False
v166_h1_strict,v97_no_update,1,6,0.008640153820638133,-0.03955079719882241,0.05751807889487045,0.08100806624961872,4,0.84375,True,H1,primary_H1_H2,movie,0.84375,False
v166_h1_strict,v97_seed_mean,1,6,0.02454770793246867,-0.023702037609960147,0.07329022209844756,0.5380501907106403,4,0.46875,False,,exploratory,movie,,False
v166_h1_strict,wolf_imq_ca,1,6,1.1226139319247104,1.0120519360927964,1.2550601074759458,24.360013012226773,6,0.03125,False,,exploratory,movie,,False
v166_h1_strict,wolf_imq_cv,1,6,0.4844042710767285,0.42236264735406687,0.5693033863950147,12.148829994838506,6,0.03125,False,,exploratory,movie,,False
v166_h1_strict,constant_velocity,2,6,0.46272743977187036,0.4074523554970395,0.5256757509419633,9.606323583208827,6,0.03125,False,,exploratory,movie,,False
v166_h1_strict,displacement_kf_ca,2,6,1.7400847796308792,1.6267174014082748,1.850046000216765,28.50153862178993,6,0.03125,False,,exploratory,movie,,False
v166_h1_strict,displacement_kf_cv,2,6,0.9275616530287064,0.8240757713944209,1.0431648863761276,17.532996861497065,6,0.03125,False,,exploratory,movie,,False
v166_h1_strict,gru_track,2,6,0.6079034001007143,0.5472974883247983,0.6750716726653397,12.191596651135297,6,0.03125,False,,exploratory,movie,,False
v166_h1_strict,hgbdt_v52,2,6,0.4548987537994446,0.41343852057102676,0.4963589870278624,9.433743587668829,6,0.03125,False,,exploratory,movie,,False
v166_h1_strict,kalmannet,2,6,1.035907558968444,0.9633578993878406,1.110960919319148,19.268571414875076,6,0.03125,False,,exploratory,movie,,False
v166_h1_strict,position_imm,2,6,1.1216497941521602,1.007090114641132,1.2515132803757576,20.45905628115953,6,0.03125,False,,exploratory,movie,,False
v166_h1_strict,position_kf_ca,2,6,1.9037066820966995,1.7221270001050455,2.0664674146164894,30.2936555305704,6,0.03125,False,,exploratory,movie,,False
v166_h1_strict,position_kf_cv,2,6,1.2100701057620642,1.1266327805051775,1.2984564651102566,21.73091044879219,6,0.03125,False,,exploratory,movie,,False
v166_h1_strict,v97_no_update,2,6,0.3057158971961655,0.2615206998346617,0.3478162965612778,6.5766363645351325,6,0.03125,False,,exploratory,movie,,False
v166_h1_strict,v97_seed_mean,2,6,0.3426947849036384,0.2951413537171217,0.3874994640578076,7.308859759116107,6,0.03125,False,,exploratory,movie,,False
v166_h1_strict,wolf_imq_ca,2,6,2.0960507118411655,1.9721991828038927,2.2388861472233845,32.41569050544935,6,0.03125,False,,exploratory,movie,,False
v166_h1_strict,wolf_imq_cv,2,6,1.3321339014875686,1.2438352280316805,1.4225502741656004,23.397879144389282,6,0.03125,False,,exploratory,movie,,False
v166_h1_strict,constant_velocity,4,6,0.21333649102880767,0.02085366382988359,0.43262188979352034,3.6299406483495162,4,0.1875,False,,exploratory,movie,,False
v166_h1_strict,displacement_kf_ca,4,6,2.2738015089833166,1.9970197282934936,2.580898168809409,28.45872350339148,6,0.03125,False,,exploratory,movie,,False
v166_h1_strict,displacement_kf_cv,4,6,1.428563300212564,1.1131608846281524,1.7885718299744446,19.900930482339778,6,0.03125,False,,exploratory,movie,,False
v166_h1_strict,gru_track,4,6,1.2282248306012902,0.9977465689076701,1.491360042367113,17.514639169234307,6,0.03125,False,,exploratory,movie,,False
v166_h1_strict,hgbdt_v52,4,6,1.126953863541625,0.9679308759582294,1.2988854970752877,16.425635459472357,6,0.03125,False,,exploratory,movie,,False
v166_h1_strict,kalmannet,4,6,1.739622483757147,1.5115486909688194,1.9482755232686786,23.42522162882113,6,0.03125,False,,exploratory,movie,,False
v166_h1_strict,position_imm,4,6,1.727280242681843,1.433752413838561,2.05804146684126,23.190522180142818,6,0.03125,False,,exploratory,movie,,False
v166_h1_strict,position_kf_ca,4,6,1.5498860115213613,1.1744072705269788,1.9341143504472171,21.1339926782402,6,0.03125,False,,exploratory,movie,,False
v166_h1_strict,position_kf_cv,4,6,2.1048053338531076,1.8613549684767527,2.364877339526643,26.928044586874844,6,0.03125,False,,exploratory,movie,,False
v166_h1_strict,v97_no_update,4,6,0.746470942268108,0.6150468362075294,0.8743863062416048,11.6358906942337,6,0.03125,False,,exploratory,movie,,False
v166_h1_strict,v97_seed_mean,4,6,0.8293693563411719,0.6974664913428367,0.9560077728037683,12.753606393587665,6,0.03125,False,,exploratory,movie,,False
v166_h1_strict,wolf_imq_ca,4,6,1.85511249645585,1.5795056725135528,2.129849428559925,24.45281494674894,6,0.03125,False,,exploratory,movie,,False
v166_h1_strict,wolf_imq_cv,4,6,2.2854859267079255,2.0359821725046228,2.5425873958315752,28.5684680527518,6,0.03125,False,,exploratory,movie,,False
v166_h1_strict,constant_velocity,6,6,-0.12771916115622547,-0.45255672573377215,0.2212844897745705,-1.9386464309619722,2,0.5,False,,exploratory,movie,,False
v166_h1_strict,displacement_kf_ca,6,6,1.8614628342356199,1.4295598223081065,2.3303218890665627,21.51933979452328,6,0.03125,False,,exploratory,movie,,False
v166_h1_strict,displacement_kf_cv,6,6,1.568193994717391,1.1075708895421694,2.0749213493132213,18.60764101536013,6,0.03125,False,,exploratory,movie,,False
v166_h1_strict,gru_track,6,6,1.6274613831671658,1.201098375857011,2.1229727537540874,18.988987722180482,6,0.03125,False,,exploratory,movie,,False
v166_h1_strict,hgbdt_v52,6,6,1.6194504394364937,1.3381466408449147,1.930550155446353,19.19970068656256,6,0.03125,False,,exploratory,movie,,False
v166_h1_strict,kalmannet,6,6,2.0097673496503883,1.6703339007371671,2.2951717052577387,22.926261486569256,6,0.03125,False,,exploratory,movie,,False
v166_h1_strict,position_imm,6,6,2.0402985441253496,1.6828909201355045,2.422766289745409,23.151126172042954,6,0.03125,False,,exploratory,movie,,False
v166_h1_strict,position_kf_ca,6,6,0.4318449524607179,-0.017572646500779793,0.8798036094346154,5.7349313518199025,4,0.21875,False,,exploratory,movie,,False
v166_h1_strict,position_kf_cv,6,6,2.505615793423446,2.1169384522757855,2.9063532162970867,26.96413732951892,6,0.03125,False,,exploratory,movie,,False
v166_h1_strict,v97_no_update,6,6,1.0274020666156507,0.8231798289659334,1.219065377248082,13.280449335117476,6,0.03125,False,,exploratory,movie,,False
v166_h1_strict,v97_seed_mean,6,6,1.1563578738999947,0.949904087710415,1.3524157784733308,14.689960916368278,6,0.03125,False,,exploratory,movie,,False
v166_h1_strict,wolf_imq_ca,6,6,0.6854368873006024,0.30001554573194583,1.0708582288692587,9.061804044584461,6,0.03125,False,,exploratory,movie,,False
v166_h1_strict,wolf_imq_cv,6,6,2.688204370693953,2.290719786141755,3.128637503623636,28.36248632834398,6,0.03125,False,,exploratory,movie,,False
v166_h6_utility,constant_velocity,1,6,0.48374302010202497,0.36253151476996903,0.6083575520777574,11.023039286300502,6,0.03125,False,,exploratory,movie,,False
v166_h6_utility,displacement_kf_ca,1,6,0.6091800016210883,0.5005876002404094,0.720352766338254,13.667853472650286,6,0.03125,False,,exploratory,movie,,False
v166_h6_utility,displacement_kf_cv,1,6,0.21348415633503678,0.128913873761614,0.29813559714951304,5.131542435664453,6,0.03125,False,,exploratory,movie,,False
v166_h6_utility,gru_track,1,6,-0.17975781870751817,-0.2415310589017893,-0.11798457851324702,-5.18605027218467,0,0.03125,False,,exploratory,movie,,False
v166_h6_utility,hgbdt_v52,1,6,-0.31560200962294377,-0.377458593076116,-0.2588060761445627,-9.297313691533054,0,0.03125,False,,exploratory,movie,,False
v166_h6_utility,kalmannet,1,6,0.11829356505272222,0.05033134840892458,0.18234612659963423,2.929309179199763,6,0.03125,False,,exploratory,movie,,False
v166_h6_utility,position_imm,1,6,0.13735686560932892,0.059127281195464475,0.2140910477499387,3.355203419736032,6,0.03125,False,,exploratory,movie,,False
v166_h6_utility,position_kf_ca,1,6,0.7937978388911892,0.6848745919955768,0.9180020292071575,17.163660435163724,6,0.03125,False,,exploratory,movie,,False
v166_h6_utility,position_kf_cv,1,6,0.17637402634286983,0.10155239709868313,0.2564378431499224,4.316900782120281,6,0.03125,False,,exploratory,movie,,False
v166_h6_utility,v97_no_update,1,6,-0.32495122493370815,-0.3869368586959367,-0.264073634360525,-9.532741053158263,0,0.03125,False,,exploratory,movie,,False
v166_h6_utility,v97_seed_mean,1,6,-0.3090436708218776,-0.3711942252168618,-0.2482912823476937,-9.03173990272064,0,0.03125,False,,exploratory,movie,,False
v166_h6_utility,wolf_imq_ca,1,6,0.789022553170364,0.6878654571462469,0.8972474586030065,17.089666695395696,6,0.03125,False,,exploratory,movie,,False
v166_h6_utility,wolf_imq_cv,1,6,0.15081289232238224,0.07978807895038798,0.22808624170403533,3.7009505160067504,6,0.03125,False,,exploratory,movie,,False
v166_h6_utility,constant_velocity,2,6,0.6684244482788463,0.6209902561364994,0.7244331919242372,13.812544959976067,6,0.03125,False,,exploratory,movie,,False
v166_h6_utility,displacement_kf_ca,2,6,1.945781788137855,1.8446919991688955,2.0683977308585875,31.835750038931312,6,0.03125,False,,exploratory,movie,,False
v166_h6_utility,displacement_kf_cv,2,6,1.133258661535682,1.0360703898404502,1.243627484406013,21.375302577198767,6,0.03125,False,,exploratory,movie,,False
v166_h6_utility,gru_track,2,6,0.81360040860769,0.7438158246437375,0.901393740818635,16.27040644868512,6,0.03125,False,,exploratory,movie,,False
v166_h6_utility,hgbdt_v52,2,6,0.6605957623064204,0.60399848805315,0.7278361403037535,13.63890977882419,6,0.03125,False,,exploratory,movie,,False
v166_h6_utility,kalmannet,2,6,1.24160456747542,1.180150359873504,1.2949257848895221,23.025861699932097,6,0.03125,False,,exploratory,movie,,False
v166_h6_utility,position_imm,2,6,1.327346802659136,1.2250333931124444,1.4378094708670488,24.169396610749654,6,0.03125,False,,exploratory,movie,,False
v166_h6_utility,position_kf_ca,2,6,2.1094036906036755,1.9390906799297436,2.2913657309734172,33.54718697442871,6,0.03125,False,,exploratory,movie,,False
v166_h6_utility,position_kf_cv,2,6,1.41576711426904,1.3439311260101228,1.5038280022881103,25.378538680804184,6,0.03125,False,,exploratory,movie,,False
v166_h6_utility,v97_no_update,2,6,0.5114129057031412,0.47490189959169493,0.5532321619387387,10.918950684900459,6,0.03125,False,,exploratory,movie,,False
v166_h6_utility,v97_seed_mean,2,6,0.5483917934106143,0.5112359574788289,0.5902092908448472,11.618115577792908,6,0.03125,False,,exploratory,movie,,False
v166_h6_utility,wolf_imq_ca,2,6,2.3017477203481413,2.1750617457364463,2.4695205590872513,35.563567230516284,6,0.03125,False,,exploratory,movie,,False
v166_h6_utility,wolf_imq_cv,2,6,1.5378309099945444,1.4601189566801933,1.6374215367525249,26.967945158512425,6,0.03125,False,,exploratory,movie,,False
v166_h6_utility,constant_velocity,4,6,1.0217686723307442,0.8417353993392188,1.1844737327524062,17.269586993578816,6,0.03125,False,,exploratory,movie,,False
v166_h6_utility,displacement_kf_ca,4,6,3.082233690285253,2.816197385854291,3.328456296052773,38.59260892439216,6,0.03125,False,,exploratory,movie,,False
v166_h6_utility,displacement_kf_cv,4,6,2.236995481514501,1.9411832798605817,2.5713666211863093,31.244712661024582,6,0.03125,False,,exploratory,movie,,False
v166_h6_utility,gru_track,4,6,2.036657011903227,1.7864446196556243,2.3089051410716936,29.201410922450194,6,0.03125,False,,exploratory,movie,,False
v166_h6_utility,hgbdt_v52,4,6,1.9353860448435611,1.7616307556894244,2.115802274749185,28.262305675851294,6,0.03125,False,,exploratory,movie,,False
v166_h6_utility,kalmannet,4,6,2.5480546650590834,2.2736130813751685,2.76553306683623,34.2141078323908,6,0.03125,False,,exploratory,movie,,False
v166_h6_utility,position_imm,4,6,2.53571242398378,2.2711999272089236,2.829261338992417,34.064287823157464,6,0.03125,False,,exploratory,movie,,False
v166_h6_utility,position_kf_ca,4,6,2.358318192823298,2.035318901733354,2.6847767230203665,32.33909593220776,6,0.03125,False,,exploratory,movie,,False
v166_h6_utility,position_kf_cv,4,6,2.9132375151550445,2.670447550902947,3.143842909262815,37.26799936454374,6,0.03125,False,,exploratory,movie,,False
v166_h6_utility,v97_no_update,4,6,1.5549031235700443,1.4942717329956574,1.6110778904594156,24.158739664171705,6,0.03125,False,,exploratory,movie,,False
v166_h6_utility,v97_seed_mean,4,6,1.6378015376431083,1.573116794714375,1.6982882151381438,25.11831975563467,6,0.03125,False,,exploratory,movie,,False
v166_h6_utility,wolf_imq_ca,4,6,2.663544677757787,2.4253671095777505,2.901722245937824,35.171066091492115,6,0.03125,False,,exploratory,movie,,False
v166_h6_utility,wolf_imq_cv,4,6,3.0939181080098623,2.844427945902133,3.3360599413774796,38.6777720482766,6,0.03125,False,,exploratory,movie,,False
v166_h6_utility,constant_velocity,6,6,1.156170208993406,0.8633982841672564,1.4373506067241812,17.398199993285072,6,0.03125,False,,exploratory,movie,,False
v166_h6_utility,displacement_kf_ca,6,6,3.145352204385252,2.7674370501773,3.5294908808715526,36.415787061326945,6,0.03125,False,,exploratory,movie,,False
v166_h6_utility,displacement_kf_cv,6,6,2.8520833648670227,2.3708010518683404,3.285244777889264,34.05686131383781,6,0.03125,False,,exploratory,movie,,False
v166_h6_utility,gru_track,6,6,2.9113507533167975,2.4403251412469285,3.4299207022373452,34.388960596939334,6,0.03125,False,,exploratory,movie,,False
v166_h6_utility,hgbdt_v52,6,6,2.903339809586125,2.577233857872566,3.2299704763217236,34.54246222535199,6,0.03125,False,,exploratory,movie,,False
v166_h6_utility,kalmannet,6,6,3.2936567198000195,2.841591851858871,3.6689578832917262,37.45898402762966,6,0.03125,False,,exploratory,movie,,False
v166_h6_utility,position_imm,6,6,3.3241879142749817,2.9598244035376524,3.6535017675588635,37.73391824950156,6,0.03125,False,,exploratory,movie,,False
v166_h6_utility,position_kf_ca,6,6,1.7157343226103494,1.3467692964212539,2.078975154359435,23.67888074528136,6,0.03125,False,,exploratory,movie,,False
v166_h6_utility,position_kf_cv,6,6,3.7895051635730774,3.3730221401127705,4.179591410815656,40.815987485797464,6,0.03125,False,,exploratory,movie,,False
v166_h6_utility,v97_no_update,6,6,2.3112914367652824,2.2064403869577336,2.4142214777135043,29.763802339504462,6,0.03125,True,H2,primary_H1_H2,movie,0.0625,False
v166_h6_utility,v97_seed_mean,6,6,2.4402472440496266,2.3251263571060554,2.5510863663023766,30.904893256591965,6,0.03125,False,,exploratory,movie,,False
v166_h6_utility,wolf_imq_ca,6,6,1.969326257450234,1.671431268541367,2.2862639980764428,26.36687005899418,6,0.03125,False,,exploratory,movie,,False
v166_h6_utility,wolf_imq_cv,6,6,3.9720937408435852,3.5633614536090605,4.3767667546470355,41.95133936204692,6,0.03125,False,,exploratory,movie,,False
