objective_name,control,horizon,movies,component_rmse,vector_rmse,r2,gain_vs_v97_percent
h1_strict,constant_velocity,1,7,3.9884311513582857,5.640493426842227,0.3062124846780081,-16.59893676867996
h1_strict,constant_velocity,2,7,4.537854605402277,6.41749552703711,0.7284556636527725,-3.837086053789388
h1_strict,constant_velocity,4,7,5.502760154346495,7.782078040763079,0.8797342234508998,1.7677793458243347
h1_strict,constant_velocity,6,7,6.180445456988423,8.74046978678021,0.9219210368698452,4.832443547169775
h1_strict,imm_cv_ca_turn,1,7,3.7692661884769465,5.33054736393844,0.3809645852948509,-10.258852698786717
h1_strict,imm_cv_ca_turn,2,7,4.928032550320766,6.969290468479699,0.6799039978199727,-12.793246652929891
h1_strict,imm_cv_ca_turn,4,7,6.486481052290115,9.173269476224789,0.8329681499535806,-15.811252521110694
h1_strict,imm_cv_ca_turn,6,7,7.631675543784056,10.792819057650478,0.8809993794220234,-17.51866987741915
h1_strict,kalman_ca,1,7,4.201152536187616,5.941326894274652,0.230848251314841,-22.88517836489672
h1_strict,kalman_ca,2,7,5.538481218848481,7.83259525464419,0.5955996248727703,-26.758188962572607
h1_strict,kalman_ca,4,7,6.676050236108632,9.441360786988932,0.8229894041302711,-19.190893049333663
h1_strict,kalman_ca,6,7,6.934950076944387,9.80750045319509,0.9016893607363388,-6.789654050599781
h1_strict,kalman_cv,1,7,3.74255606413844,5.292773543846254,0.3896156519137907,-9.480259971882772
h1_strict,kalman_cv,2,7,4.928030306533,6.96928729528461,0.6798814175216054,-12.80102971942981
h1_strict,kalman_cv,4,7,6.531656804060132,9.23715763706834,0.8306074155442056,-16.624030121586845
h1_strict,kalman_cv,6,7,7.600179935035357,10.74827754060287,0.8819597914155072,-17.04453203440488
h1_strict,real,1,7,3.41059935231342,4.823315859862533,0.4932774364403238,0.2108891783561594
h1_strict,real,2,7,4.151639131466207,5.871304365798367,0.7726452748133286,5.029249620636968
h1_strict,real,4,7,5.0042909800406905,7.077136174034892,0.900470004652734,10.693256017340037
h1_strict,real,6,7,5.681860930665063,8.035364787664347,0.9339636335727484,12.544555830896613
h1_strict,stale_time,1,7,3.5539879637876832,5.026097978899282,0.4488976575307606,-3.8979706352780217
h1_strict,stale_time,2,7,4.499488825323188,6.363238120518239,0.7330174833432386,-2.9814145115419715
h1_strict,stale_time,4,7,5.332778850298145,7.541688175228037,0.8869605678910821,4.8393588173809885
h1_strict,stale_time,6,7,5.9324381128592245,8.389734437144567,0.928004123920332,8.693632835145486
h1_strict,v97_no_update,1,7,3.420378932523928,4.837146274830549,0.4899134428720919,0.0
h1_strict,v97_no_update,2,7,4.3704799043987395,6.180791954879766,0.7481035821221542,0.0
h1_strict,v97_no_update,4,7,5.602715480152857,7.923436218149857,0.875297136103634,0.0
h1_strict,v97_no_update,6,7,6.496100228503577,9.18687304568472,0.9137298669609996,0.0
h1_strict,wrong_cell,1,7,3.4215707480676874,4.83883175653638,0.490069722096432,-0.1199639293700654
h1_strict,wrong_cell,2,7,4.478064447151007,6.332939474341729,0.7356289452872812,-2.474992911246068
h1_strict,wrong_cell,4,7,5.744170623582529,8.123484000455532,0.8689646273150168,-2.5476036963562914
h1_strict,wrong_cell,6,7,6.692234374463145,9.464248614945204,0.9084654505390468,-3.0416166635942647
h6_guard10,constant_velocity,1,7,3.9884311513582857,5.640493426842227,0.3062124846780081,-16.59893676867996
h6_guard10,constant_velocity,2,7,4.537854605402277,6.41749552703711,0.7284556636527725,-3.837086053789388
h6_guard10,constant_velocity,4,7,5.502760154346495,7.782078040763079,0.8797342234508998,1.7677793458243347
h6_guard10,constant_velocity,6,7,6.180445456988423,8.74046978678021,0.9219210368698452,4.832443547169775
h6_guard10,imm_cv_ca_turn,1,7,3.7692661884769465,5.33054736393844,0.3809645852948509,-10.258852698786717
h6_guard10,imm_cv_ca_turn,2,7,4.928032550320766,6.969290468479699,0.6799039978199727,-12.793246652929891
h6_guard10,imm_cv_ca_turn,4,7,6.486481052290115,9.173269476224789,0.8329681499535806,-15.811252521110694
h6_guard10,imm_cv_ca_turn,6,7,7.631675543784056,10.792819057650478,0.8809993794220234,-17.51866987741915
h6_guard10,kalman_ca,1,7,4.201152536187616,5.941326894274652,0.230848251314841,-22.88517836489672
h6_guard10,kalman_ca,2,7,5.538481218848481,7.83259525464419,0.5955996248727703,-26.758188962572607
h6_guard10,kalman_ca,4,7,6.676050236108632,9.441360786988932,0.8229894041302711,-19.190893049333663
h6_guard10,kalman_ca,6,7,6.934950076944387,9.80750045319509,0.9016893607363388,-6.789654050599781
h6_guard10,kalman_cv,1,7,3.74255606413844,5.292773543846254,0.3896156519137907,-9.480259971882772
h6_guard10,kalman_cv,2,7,4.928030306533,6.96928729528461,0.6798814175216054,-12.80102971942981
h6_guard10,kalman_cv,4,7,6.531656804060132,9.23715763706834,0.8306074155442056,-16.624030121586845
h6_guard10,kalman_cv,6,7,7.600179935035357,10.74827754060287,0.8819597914155072,-17.04453203440488
h6_guard10,real,1,7,3.7211800444360983,5.262543286873647,0.396702047589637,-8.865207374369648
h6_guard10,real,2,7,4.043147553022182,5.717874104159563,0.784358509550863,7.506959533577389
h6_guard10,real,4,7,4.452513730977193,6.296805305000376,0.9211812411765192,20.543007360530616
h6_guard10,real,6,7,4.819533087729029,6.815849056972274,0.952465638474533,25.816658637891575
h6_guard10,stale_time,1,7,3.736616739662229,5.28437407062066,0.3913009904509043,-9.30965126364802
h6_guard10,stale_time,2,7,4.913555532524953,6.948816873570143,0.6816480348482375,-12.473070685474363
h6_guard10,stale_time,4,7,5.2580521176751835,7.436008616480817,0.8901143553210299,6.154105350336392
h6_guard10,stale_time,6,7,5.565454759663751,7.870741601890372,0.9366283957684004,14.327183374232002
h6_guard10,v97_no_update,1,7,3.420378932523928,4.837146274830549,0.4899134428720919,0.0
h6_guard10,v97_no_update,2,7,4.3704799043987395,6.180791954879766,0.7481035821221542,0.0
h6_guard10,v97_no_update,4,7,5.602715480152857,7.923436218149857,0.875297136103634,0.0
h6_guard10,v97_no_update,6,7,6.496100228503577,9.18687304568472,0.9137298669609996,0.0
h6_guard10,wrong_cell,1,7,3.655558785780299,5.1697408129026226,0.4179012762317116,-6.957245790298647
h6_guard10,wrong_cell,2,7,4.7688083476320795,6.744113441579316,0.7002341897517662,-9.150110405588697
h6_guard10,wrong_cell,4,7,6.2116315531756054,8.784573586965594,0.8467954918924404,-10.900751379511744
h6_guard10,wrong_cell,6,7,7.278541510180934,10.293412117993425,0.8917416157690093,-12.076626273648229
