seed,protocol,packet,model,folds,component_rmse_mean,component_rmse_std,component_r2_mean,direction_cosine_mean,coord_rmse,gain_vs_coord_percent
7,chronological,full_real,hgbdt,1,9.976442395488597,,0.014273662415509425,0.10732694221013188,10.061344327478663,0.843842822854091
7,chronological,coord_shape,hgbdt,1,10.003478715949404,,0.008923754378696858,0.08595134599174768,10.061344327478663,0.5751280310646099
7,chronological,coord_reliability,hgbdt,1,10.006759007058541,,0.008273670199330563,0.08622901004577425,10.061344327478663,0.5425251203364865
7,chronological,full_time_shuffled,hgbdt,1,10.036464208360815,,0.002377024621278312,0.06484643140982926,10.061344327478663,0.2472842426225012
7,chronological,full_wrong_cell,hgbdt,1,10.037682205163165,,0.0021348725447355443,0.08112500310906859,10.061344327478663,0.23517853624067023
7,chronological,coord_contact,hgbdt,1,10.03851695182987,,0.0019688981281028584,0.06840759471635915,10.061344327478663,0.2268819643360103
7,chronological,coord_actin,hgbdt,1,10.046458095566926,,0.0003892537886392988,0.08085023115719878,10.061344327478663,0.14795470095462973
7,chronological,coord_only,hgbdt,1,10.061344327478663,,-0.002575265987871944,0.06176521979295681,10.061344327478663,0.0
7,chronological,full_zero_state,hgbdt,1,10.061344327478663,,-0.002575265987871944,0.06176521979295681,10.061344327478663,0.0
7,chronological,full_row_shuffled,hgbdt,1,10.075440767009647,,-0.0053865487520605715,0.06237088978239917,10.061344327478663,-0.14010493103277882
7,chronological,coord_contact,ridge,1,10.038174625153973,,0.0020369653228452522,0.0688015777704184,10.051735863176447,0.1349143889878181
7,chronological,coord_reliability,ridge,1,10.046516682816591,,0.00037759502998779837,0.07957457333788791,10.051735863176447,0.05192317457301396
7,chronological,full_time_shuffled,ridge,1,10.04918989937109,,-0.00015444264262454155,0.05547142845456367,10.051735863176447,0.025328598363629575
7,chronological,coord_actin,ridge,1,10.050577441111901,,-0.00043065432884392685,0.07600771091891999,10.051735863176447,0.011524597147335239
7,chronological,coord_only,ridge,1,10.051735863176447,,-0.0006612854023311243,0.041012419202138474,10.051735863176447,0.0
7,chronological,full_zero_state,ridge,1,10.051735863176447,,-0.0006612854023311243,0.041012419202138474,10.051735863176447,0.0
7,chronological,full_real,ridge,1,10.052231463151724,,-0.0007599628727488206,0.0717150013183329,10.051735863176447,-0.004930491429773381
7,chronological,coord_shape,ridge,1,10.059848293920727,,-0.002277139875992207,0.02526638574350181,10.051735863176447,-0.08070676403265846
7,chronological,full_row_shuffled,ridge,1,10.063401049600772,,-0.0029851971896310836,0.04809903046712501,10.051735863176447,-0.11605146198737515
7,chronological,full_wrong_cell,ridge,1,10.064325068601816,,-0.0031693933522678464,0.0383261980693367,10.051735863176447,-0.12524409312712512
7,leave_one_sequence_out,coord_only,hgbdt,3,11.07299289237627,4.868920141974593,-0.0879581507621312,-0.009276543027867947,11.07299289237627,0.0
7,leave_one_sequence_out,full_zero_state,hgbdt,3,11.07299289237627,4.868920141974593,-0.0879581507621312,-0.009276543027867947,11.07299289237627,0.0
7,leave_one_sequence_out,coord_reliability,hgbdt,3,11.090725540814892,4.81169896668921,-0.0973265318029084,0.03065087736009192,11.07299289237627,-0.16014322966676264
7,leave_one_sequence_out,coord_actin,hgbdt,3,11.096163036956069,4.896145113327986,-0.09137479624688212,-0.02738262826401544,11.07299289237627,-0.2092491596897145
7,leave_one_sequence_out,full_real,hgbdt,3,11.097006167684519,4.907068940485461,-0.09059791879850028,0.007808704247888176,11.07299289237627,-0.21686345816027963
7,leave_one_sequence_out,coord_contact,hgbdt,3,11.098732842013439,4.870041141332947,-0.09429346899912223,-0.02060438564285599,11.07299289237627,-0.23245702302302146
7,leave_one_sequence_out,full_wrong_cell,hgbdt,3,11.101495645327825,4.848925437629464,-0.09638117527017338,0.019616154273392503,11.07299289237627,-0.2574078501502425
7,leave_one_sequence_out,coord_shape,hgbdt,3,11.111631418317524,4.879071180807342,-0.09628566419829387,0.010391382218929315,11.07299289237627,-0.34894383403656265
7,leave_one_sequence_out,full_row_shuffled,hgbdt,3,11.118212289406742,4.852618196153561,-0.10028518216712763,-0.017070148385687784,11.07299289237627,-0.4083755626864477
7,leave_one_sequence_out,full_time_shuffled,hgbdt,3,11.137746399439932,4.854710266432814,-0.10487912537626405,-0.008712493008671407,11.07299289237627,-0.5847877596692438
7,leave_one_sequence_out,coord_only,ridge,3,11.246234766327035,4.364606064413564,-0.1840734100873176,-0.10958270957201133,11.246234766327035,0.0
7,leave_one_sequence_out,full_zero_state,ridge,3,11.246234766327035,4.364606064413564,-0.18407341008731767,-0.10958270957201192,11.246234766327035,0.0
7,leave_one_sequence_out,coord_contact,ridge,3,11.246991199878174,4.363989187955146,-0.1845095914331217,-0.07167644482792081,11.246234766327035,-0.006726104930726216
7,leave_one_sequence_out,full_wrong_cell,ridge,3,11.281580680020788,4.415735444449333,-0.18767990382458946,-0.1255479191392391,11.246234766327035,-0.31429108877919026
7,leave_one_sequence_out,coord_actin,ridge,3,11.286434605270438,4.194556174871756,-0.21345199243773005,0.044791091122076854,11.246234766327035,-0.35745153625787357
7,leave_one_sequence_out,coord_shape,ridge,3,11.295364464700805,4.381734714999999,-0.1948625352413588,-0.1426621479362771,11.246234766327035,-0.4368546397490477
7,leave_one_sequence_out,coord_reliability,ridge,3,11.300004066367089,4.336409811962272,-0.20103447587625833,-0.16951353657469756,11.246234766327035,-0.4781093508829078
7,leave_one_sequence_out,full_row_shuffled,ridge,3,11.306361669424325,4.269729742802926,-0.21080595166739954,-0.0858130905701852,11.246234766327035,-0.5346402982562571
7,leave_one_sequence_out,full_time_shuffled,ridge,3,11.34454142515395,4.2641044081316215,-0.2217015866102606,-0.09543745507912542,11.246234766327035,-0.8741295275220559
7,leave_one_sequence_out,full_real,ridge,3,11.423966560357433,4.045295496290104,-0.26886988711609483,-0.027681575833641826,11.246234766327035,-1.580367098173647
42,chronological,full_real,hgbdt,1,9.975812697656526,,0.014398093575247795,0.09926738670187264,10.063405577589036,0.8704099149852125
42,chronological,coord_reliability,hgbdt,1,10.008707217439046,,0.007887475306880276,0.07667814017702274,10.063405577589036,0.5435372720324609
42,chronological,coord_shape,hgbdt,1,10.009653528497301,,0.007699860379962065,0.08408607194353844,10.063405577589036,0.5341337848038145
42,chronological,full_wrong_cell,hgbdt,1,10.02326529618254,,0.004999238874967449,0.06975358547959659,10.063405577589036,0.39887373212788874
42,chronological,coord_contact,hgbdt,1,10.039534060515203,,0.0017666456375399209,0.06414287065314772,10.063405577589036,0.23721111993134503
42,chronological,full_time_shuffled,hgbdt,1,10.040021044541211,,0.0016698014045336551,0.0660409039138198,10.063405577589036,0.23237196262765575
42,chronological,coord_actin,hgbdt,1,10.044762067638228,,0.0007267308621629054,0.07818574567908881,10.063405577589036,0.18526044495639152
42,chronological,coord_only,hgbdt,1,10.063405577589036,,-0.0029860997684314494,0.058932977426742514,10.063405577589036,0.0
42,chronological,full_zero_state,hgbdt,1,10.063405577589036,,-0.0029860997684314494,0.058932977426742514,10.063405577589036,0.0
42,chronological,full_row_shuffled,hgbdt,1,10.080868346528048,,-0.006470031915364105,0.05898712333492027,10.063405577589036,-0.17352742870565882
42,chronological,coord_contact,ridge,1,10.038174625153973,,0.0020369653228452522,0.0688015777704184,10.051735863176447,0.1349143889878181
42,chronological,coord_reliability,ridge,1,10.046516682816591,,0.00037759502998779837,0.07957457333788791,10.051735863176447,0.05192317457301396
42,chronological,full_time_shuffled,ridge,1,10.04918989937109,,-0.00015444264262454155,0.05547142845456367,10.051735863176447,0.025328598363629575
42,chronological,coord_actin,ridge,1,10.050577441111901,,-0.00043065432884392685,0.07600771091891999,10.051735863176447,0.011524597147335239
42,chronological,coord_only,ridge,1,10.051735863176447,,-0.0006612854023311243,0.041012419202138474,10.051735863176447,0.0
42,chronological,full_zero_state,ridge,1,10.051735863176447,,-0.0006612854023311243,0.041012419202138474,10.051735863176447,0.0
42,chronological,full_real,ridge,1,10.052231463151724,,-0.0007599628727488206,0.0717150013183329,10.051735863176447,-0.004930491429773381
42,chronological,full_wrong_cell,ridge,1,10.057259767970171,,-0.001761409117065016,0.037380026296650354,10.051735863176447,-0.05495473487281775
42,chronological,full_row_shuffled,ridge,1,10.057623255830116,,-0.0018338214240558592,0.054593370196436564,10.051735863176447,-0.058570904904465294
42,chronological,coord_shape,ridge,1,10.059848293920727,,-0.002277139875992207,0.02526638574350181,10.051735863176447,-0.08070676403265846
42,leave_one_sequence_out,coord_only,hgbdt,3,11.068880274508132,4.909651338568999,-0.08360304527295963,-0.014648012023170625,11.068880274508132,0.0
42,leave_one_sequence_out,full_zero_state,hgbdt,3,11.068880274508132,4.909651338568999,-0.08360304527295963,-0.014648012023170625,11.068880274508132,0.0
42,leave_one_sequence_out,full_real,hgbdt,3,11.076174511734196,4.880633581494382,-0.08770761083241292,0.03628270274147294,11.068880274508132,-0.06589860080845997
42,leave_one_sequence_out,coord_shape,hgbdt,3,11.09030134531457,4.906909805895153,-0.08861514099592793,0.016604280504982784,11.068880274508132,-0.1935251829922794
42,leave_one_sequence_out,coord_reliability,hgbdt,3,11.093533192487428,4.866473230265688,-0.09358143624630062,0.002169045959818485,11.068880274508132,-0.22272278105737583
42,leave_one_sequence_out,coord_actin,hgbdt,3,11.094533644924503,4.925223699589227,-0.0885854857779808,-0.02277436732045965,11.068880274508132,-0.23176120601332875
42,leave_one_sequence_out,coord_contact,hgbdt,3,11.10068175623114,4.890399390220506,-0.09303291271931007,-0.01994177887698972,11.068880274508132,-0.2873053184633986
42,leave_one_sequence_out,full_row_shuffled,hgbdt,3,11.101101507944316,4.886865808885588,-0.09325789809960512,-0.01239655573640285,11.068880274508132,-0.2910974971008602
42,leave_one_sequence_out,full_wrong_cell,hgbdt,3,11.11400441640164,4.876989740022603,-0.09722809016427332,0.006908605067286321,11.068880274508132,-0.4076667266645738
42,leave_one_sequence_out,full_time_shuffled,hgbdt,3,11.130417639918974,4.878308878841786,-0.10132535318603024,-0.02917734659219408,11.068880274508132,-0.5559493271651361
42,leave_one_sequence_out,coord_only,ridge,3,11.246234766327035,4.364606064413564,-0.1840734100873176,-0.10958270957201133,11.246234766327035,0.0
42,leave_one_sequence_out,full_zero_state,ridge,3,11.246234766327035,4.364606064413564,-0.18407341008731767,-0.10958270957201192,11.246234766327035,0.0
42,leave_one_sequence_out,coord_contact,ridge,3,11.246991199878174,4.363989187955146,-0.1845095914331217,-0.07167644482792081,11.246234766327035,-0.006726104930726216
42,leave_one_sequence_out,full_row_shuffled,ridge,3,11.25475044640767,4.355685163971626,-0.18731938948696522,-0.09367422535146268,11.246234766327035,-0.0757202766754593
42,leave_one_sequence_out,coord_actin,ridge,3,11.286434605270438,4.194556174871756,-0.21345199243773005,0.044791091122076854,11.246234766327035,-0.35745153625787357
42,leave_one_sequence_out,coord_shape,ridge,3,11.295364464700805,4.381734714999999,-0.1948625352413588,-0.1426621479362771,11.246234766327035,-0.4368546397490477
42,leave_one_sequence_out,coord_reliability,ridge,3,11.300004066367089,4.336409811962272,-0.20103447587625833,-0.16951353657469756,11.246234766327035,-0.4781093508829078
42,leave_one_sequence_out,full_wrong_cell,ridge,3,11.323268555830376,4.427816654826951,-0.19815223370125276,-0.17941942602269342,11.246234766327035,-0.6849740477941304
42,leave_one_sequence_out,full_time_shuffled,ridge,3,11.34454142515395,4.2641044081316215,-0.2217015866102606,-0.09543745507912542,11.246234766327035,-0.8741295275220559
42,leave_one_sequence_out,full_real,ridge,3,11.423966560357433,4.045295496290104,-0.26886988711609483,-0.027681575833641826,11.246234766327035,-1.580367098173647
123,chronological,full_real,hgbdt,1,9.979057896233833,,0.013756743493014034,0.10790406873092313,10.063182695693113,0.8359661351997943
123,chronological,coord_reliability,hgbdt,1,10.013410117386156,,0.006954906889207524,0.08651865430191721,10.063182695693113,0.4946007621252749
123,chronological,coord_shape,hgbdt,1,10.017884055833028,,0.006067334107462852,0.08566759951661904,10.063182695693113,0.4501422783417493
123,chronological,full_wrong_cell,hgbdt,1,10.039404966820266,,0.0017923171085136858,0.0830540319866299,10.063182695693113,0.23628438031860285
123,chronological,full_time_shuffled,hgbdt,1,10.046282928399384,,0.0004241113384153561,0.07405123324025112,10.063182695693113,0.16793660420139525
123,chronological,coord_actin,hgbdt,1,10.047874939142286,,0.00010728537362181267,0.080128813014595,10.063182695693113,0.15211645275384658
123,chronological,coord_contact,hgbdt,1,10.049084017513056,,-0.00013336678399777924,0.06896687030056445,10.063182695693113,0.1401015822369074
123,chronological,coord_only,hgbdt,1,10.063182695693113,,-0.0029416724686990303,0.06102731743275361,10.063182695693113,0.0
123,chronological,full_zero_state,hgbdt,1,10.063182695693113,,-0.0029416724686990303,0.06102731743275361,10.063182695693113,0.0
123,chronological,full_row_shuffled,hgbdt,1,10.077590392319765,,-0.005815598948737399,0.06656456107959943,10.063182695693113,-0.14317236467164635
123,chronological,coord_contact,ridge,1,10.038174625153973,,0.0020369653228452522,0.0688015777704184,10.051735863176447,0.1349143889878181
123,chronological,coord_reliability,ridge,1,10.046516682816591,,0.00037759502998779837,0.07957457333788791,10.051735863176447,0.05192317457301396
123,chronological,full_time_shuffled,ridge,1,10.04918989937109,,-0.00015444264262454155,0.05547142845456367,10.051735863176447,0.025328598363629575
123,chronological,coord_actin,ridge,1,10.050577441111901,,-0.00043065432884392685,0.07600771091891999,10.051735863176447,0.011524597147335239
123,chronological,coord_only,ridge,1,10.051735863176447,,-0.0006612854023311243,0.041012419202138474,10.051735863176447,0.0
123,chronological,full_zero_state,ridge,1,10.051735863176447,,-0.0006612854023311243,0.041012419202138474,10.051735863176447,0.0
123,chronological,full_real,ridge,1,10.052231463151724,,-0.0007599628727488206,0.0717150013183329,10.051735863176447,-0.004930491429773381
123,chronological,full_wrong_cell,ridge,1,10.055655497401338,,-0.0014418452983340213,0.0407869576253384,10.051735863176447,-0.038994600318242076
123,chronological,full_row_shuffled,ridge,1,10.055744748202367,,-0.0014596223360523464,0.05119027964838132,10.051735863176447,-0.039882514627210354
123,chronological,coord_shape,ridge,1,10.059848293920727,,-0.002277139875992207,0.02526638574350181,10.051735863176447,-0.08070676403265846
123,leave_one_sequence_out,coord_shape,hgbdt,3,11.057575954301806,4.948965463488327,-0.07712547293797134,0.020373415355041825,11.062736725883466,0.04665004428412538
123,leave_one_sequence_out,coord_only,hgbdt,3,11.062736725883466,4.906890356382162,-0.08202170000242422,-0.015133783052648044,11.062736725883466,0.0
123,leave_one_sequence_out,full_zero_state,hgbdt,3,11.062736725883466,4.906890356382162,-0.08202170000242422,-0.015133783052648044,11.062736725883466,0.0
123,leave_one_sequence_out,coord_reliability,hgbdt,3,11.064913043571321,4.893881602314418,-0.08375883532482094,0.014116873778618264,11.062736725883466,-0.019672507280799358
123,leave_one_sequence_out,full_real,hgbdt,3,11.072943880920981,4.939160344153853,-0.08190137438815655,0.013342992024258442,11.062736725883466,-0.0922660937382069
123,leave_one_sequence_out,coord_actin,hgbdt,3,11.081897820857442,4.930700345081899,-0.08484351252487794,-0.031808577203500076,11.062736725883466,-0.17320393180056973
123,leave_one_sequence_out,coord_contact,hgbdt,3,11.08275108466889,4.907911421036534,-0.08678166563622718,-0.012508633277825693,11.062736725883466,-0.1809168859509842
123,leave_one_sequence_out,full_row_shuffled,hgbdt,3,11.090968107566846,4.877581788134249,-0.09125032360790675,-0.003178153045845482,11.062736725883466,-0.2551934695989555
123,leave_one_sequence_out,full_wrong_cell,hgbdt,3,11.1025049372056,4.87023237048234,-0.09454528604671271,0.0061290538578663385,11.062736725883466,-0.35947896354694925
123,leave_one_sequence_out,full_time_shuffled,hgbdt,3,11.110021363832383,4.887200407534406,-0.09526784052861854,-0.015290281353426147,11.062736725883466,-0.42742260907542395
123,leave_one_sequence_out,coord_only,ridge,3,11.246234766327035,4.364606064413564,-0.1840734100873176,-0.10958270957201133,11.246234766327035,0.0
123,leave_one_sequence_out,full_zero_state,ridge,3,11.246234766327035,4.364606064413564,-0.18407341008731767,-0.10958270957201192,11.246234766327035,0.0
123,leave_one_sequence_out,coord_contact,ridge,3,11.246991199878174,4.363989187955146,-0.1845095914331217,-0.07167644482792081,11.246234766327035,-0.006726104930726216
123,leave_one_sequence_out,full_row_shuffled,ridge,3,11.272294137421042,4.32449660544881,-0.19547755138845532,-0.09073381402263246,11.246234766327035,-0.23171640673937305
123,leave_one_sequence_out,coord_actin,ridge,3,11.286434605270438,4.194556174871756,-0.21345199243773005,0.044791091122076854,11.246234766327035,-0.35745153625787357
123,leave_one_sequence_out,coord_shape,ridge,3,11.295364464700805,4.381734714999999,-0.1948625352413588,-0.1426621479362771,11.246234766327035,-0.4368546397490477
123,leave_one_sequence_out,coord_reliability,ridge,3,11.300004066367089,4.336409811962272,-0.20103447587625833,-0.16951353657469756,11.246234766327035,-0.4781093508829078
123,leave_one_sequence_out,full_wrong_cell,ridge,3,11.309160940838915,4.371223203204781,-0.20007382829612586,-0.13770740656969002,11.246234766327035,-0.5595310414494489
123,leave_one_sequence_out,full_time_shuffled,ridge,3,11.34454142515395,4.2641044081316215,-0.2217015866102606,-0.09543745507912542,11.246234766327035,-0.8741295275220559
123,leave_one_sequence_out,full_real,ridge,3,11.423966560357433,4.045295496290104,-0.26886988711609483,-0.027681575833641826,11.246234766327035,-1.580367098173647
