objective_name,variant,horizon,movies,component_rmse_mean,component_rmse_std,component_r2_mean,vector_rmse_mean,vector_r2_mean,gain_vs_no_update_percent
lambda_00,lambda_00_real,1,6,3.4743735539609095,0.3777735624113602,0.5062816443004352,4.913506200761929,0.5077326421395097,0.08100806624961872
lambda_00,lambda_00_real,2,6,4.386432118842225,0.5300500290500707,0.7565969464144846,6.203351792895627,0.7580525595068085,6.57663636453513
lambda_00,lambda_00_real,4,6,5.733410335143067,0.7150817835279705,0.8711335806120726,8.108266654609398,0.872190621263004,11.6358906942337
lambda_00,lambda_00_real,6,6,6.7846380047434645,0.8353324822226045,0.9039854663921791,9.594927082100144,0.9050428519157294,13.280449335117476
lambda_00,lambda_00_stale_time,1,6,3.565812418011601,0.42940679858481834,0.48118250020444964,5.042820282430406,0.48231044807824475,-2.437898798405699
lambda_00,lambda_00_stale_time,2,6,4.767351655335727,0.49288966249772687,0.7124900758348619,6.74205336757761,0.7141759711674843,-1.6947027904991518
lambda_00,lambda_00_stale_time,4,6,6.091226193761551,0.6931877993701399,0.8547510051259279,8.614294694699831,0.8559388340665475,6.0536201935100635
lambda_00,lambda_00_stale_time,6,6,7.108213450973497,0.8260857410183203,0.8947962208694825,10.052531866609579,0.8959496216326913,9.112673847039686
lambda_00,lambda_00_wrong_cell,1,6,3.524679439137197,0.3825882860548327,0.49199228550452506,4.984649465845418,0.4935197552454496,-1.3727706079037603
lambda_00,lambda_00_wrong_cell,2,6,4.820516170873984,0.51461346710642,0.7061671530281118,6.817239346488809,0.7078725273489503,-2.8020372500345982
lambda_00,lambda_00_wrong_cell,4,6,6.685905951714015,0.6543155606798603,0.8252349268421174,9.455298873664955,0.8266020951241808,-3.262251999778133
lambda_00,lambda_00_wrong_cell,6,6,8.103120592943213,0.7360486969561308,0.8637275713753519,11.45954304008501,0.8650902298428145,-3.8089659075549096
lambda_01,lambda_01_real,1,6,3.5116900632442403,0.3743793012287341,0.4955660525306496,4.966279714290837,0.49697700368655107,-1.014305143465105
lambda_01,lambda_01_real,2,6,4.313624687255749,0.5202334880873403,0.7646518753868826,6.100386535704481,0.7660623366021196,8.129749683010786
lambda_01,lambda_01_real,4,6,5.53278665283628,0.7054300400773554,0.8800498230869692,7.824541922157909,0.8810422355099973,14.760502010758835
lambda_01,lambda_01_real,6,6,6.49277427606244,0.8184764016819753,0.9121176429522723,9.182169438634658,0.9131074409840644,17.048905790502307
lambda_01,lambda_01_stale_time,1,6,3.5875373801734525,0.41860050407684657,0.47456659919499417,5.073544018561738,0.47581109606714006,-3.103015730786479
lambda_01,lambda_01_stale_time,2,6,4.816961541490199,0.48484046197211794,0.7063835076171703,6.812212341405051,0.7081251776166996,-2.782187810833077
lambda_01,lambda_01_stale_time,4,6,6.000004483743773,0.6789018304355006,0.8591019473324036,8.485287715209823,0.8602741284191087,7.46271290766261
lambda_01,lambda_01_stale_time,6,6,6.919777898499004,0.8040290162384285,0.9003533971288675,9.786043752666886,0.9014688179541491,11.537267015358083
lambda_01,lambda_01_wrong_cell,1,6,3.563771507256437,0.38098137149923,0.4805981383969669,5.039933998760859,0.4820858336654619,-2.512901627095182
lambda_01,lambda_01_wrong_cell,2,6,4.853069866385738,0.5002703545110319,0.7020929889685111,6.863277224186895,0.7038141637235037,-3.5299474395359582
lambda_01,lambda_01_wrong_cell,4,6,6.726133135693741,0.6358954205547714,0.8230772229353365,9.512188702825162,0.8244626591437663,-3.9124854560534867
lambda_01,lambda_01_wrong_cell,6,6,8.14408832122459,0.7164772377143439,0.8623130724388615,11.517480157040147,0.8636932895136122,-4.356301536457947
lambda_02,lambda_02_real,1,6,3.5445319177264167,0.38057395842895836,0.48612955508467026,5.0127251103130135,0.4874916774345343,-1.9507032539732156
lambda_02,lambda_02_real,2,6,4.271423863555351,0.5090704895248541,0.7692717558348017,6.040705558484061,0.7706374969524381,9.01426170260205
lambda_02,lambda_02_real,4,6,5.405661322066933,0.6764208057345684,0.8855656310926076,7.644759555262733,0.8864912684110259,16.696772487520576
lambda_02,lambda_02_real,6,6,6.301018409554183,0.7695104092969074,0.9172903153215545,8.910985691554075,0.9182057476578835,19.46790451488289
lambda_02,lambda_02_stale_time,1,6,3.604882706539344,0.41686235782477743,0.46936719931473503,5.09807401435217,0.47070899978396624,-3.6114883330798704
lambda_02,lambda_02_stale_time,2,6,4.857166095632125,0.4886937450918581,0.7014515388242085,6.869070167141724,0.7032407212366608,-3.6387499950924247
lambda_02,lambda_02_stale_time,4,6,5.942470520291156,0.6628191497493064,0.8618263347807851,8.403922403798056,0.8629778458963355,8.33583935569005
lambda_02,lambda_02_stale_time,6,6,6.792778835121909,0.7674867108448472,0.9040284500757122,9.60643995483032,0.9050951698074751,13.137544464778253
lambda_02,lambda_02_wrong_cell,1,6,3.5991966293514466,0.3881411596222433,0.47027000247929535,5.090032686876346,0.47171407984964286,-3.520131383987436
lambda_02,lambda_02_wrong_cell,2,6,4.880470813578527,0.49852336441849093,0.6987037422032363,6.902028015328807,0.7004318515412082,-4.119038396692666
lambda_02,lambda_02_wrong_cell,4,6,6.757976446556488,0.6379060849998647,0.821405462852493,9.55722194491812,0.8227922283424949,-4.402125594986017
lambda_02,lambda_02_wrong_cell,6,6,8.173849825466759,0.7230650091584288,0.8613311851281091,11.559569279976046,0.8627067094200883,-4.729744839617198
lambda_03,lambda_03_real,1,6,3.5932940200463617,0.3763901151822686,0.47194733498773694,5.081685136743705,0.47328586763792013,-3.3850748716277805
lambda_03,lambda_03_real,2,6,4.231223015562036,0.4945257005659523,0.7735191846021542,5.983852974033017,0.7748619856311678,9.85580908864634
lambda_03,lambda_03_real,4,6,5.258092769671411,0.6661683655679549,0.8915892655188485,7.43606610708522,0.8924625210098226,18.979366515718528
lambda_03,lambda_03_real,6,6,6.073953986780772,0.776014168219465,0.9229749717895829,8.589868105335498,0.9238301872393758,22.39468970794154
lambda_03,lambda_03_stale_time,1,6,3.641869093398224,0.41596701201471603,0.4584355449503075,5.150380664271176,0.4598766387857922,-4.7031776949048565
lambda_03,lambda_03_stale_time,2,6,4.925426778034253,0.4969225579454588,0.6930301562462365,6.965605349971656,0.6948802749159341,-5.108569180192119
lambda_03,lambda_03_stale_time,4,6,5.893724592331221,0.6486426931275885,0.8640650300658098,8.334985251366653,0.8652026212339968,9.080159255991903
lambda_03,lambda_03_stale_time,6,6,6.658168025866517,0.7541305521554978,0.9077324883615367,9.416071522739324,0.9087631173843626,14.863153670143388
lambda_03,lambda_03_wrong_cell,1,6,3.6493353128334847,0.38835191903674404,0.4555098104091797,5.160939493056176,0.45692961665807347,-4.982350244829088
lambda_03,lambda_03_wrong_cell,2,6,4.933844332500391,0.5006685227634826,0.6921287564682176,6.977509569659683,0.6938596538825034,-5.275024301429331
lambda_03,lambda_03_wrong_cell,4,6,6.829878261657203,0.6376431359890059,0.8176566943224839,9.658906466992796,0.8190354776763843,-5.534608234550759
lambda_03,lambda_03_wrong_cell,6,6,8.255410997438238,0.7149967829548634,0.8586331938383477,11.674914195541156,0.8599926168580777,-5.801642801133842
lambda_04,lambda_04_real,1,6,3.6200852791982996,0.3771912821087805,0.4640630706465097,5.119573698789428,0.46534508608825353,-4.176391953032019
lambda_04,lambda_04_real,2,6,4.225832098714843,0.4917339609340768,0.7740953590950704,5.97622906631409,0.7754188680401474,9.967696752391527
lambda_04,lambda_04_real,4,6,5.222581172129511,0.6851536720421455,0.892959266855498,7.38584512421993,0.8938054914076786,19.554725651678037
lambda_04,lambda_04_real,6,6,6.0104303846535325,0.8187488311541338,0.9244465300617485,8.500032165676364,0.9252680912641917,23.248960607570268
lambda_04,lambda_04_stale_time,1,6,3.652557075090453,0.41171204834712966,0.4551763931502271,5.165495752934722,0.4566725701504964,-5.036250895188403
lambda_04,lambda_04_stale_time,2,6,4.95082056428852,0.49208316950622283,0.6899093966017887,7.001517586892445,0.6917826101563471,-5.678024505675743
lambda_04,lambda_04_stale_time,4,6,5.880332128186031,0.6449943494326041,0.8646983014448976,8.316045446938931,0.8658240981697344,9.285007244567474
lambda_04,lambda_04_stale_time,6,6,6.6167209143274315,0.7581976968787905,0.9088607641726553,9.357456455479559,0.9098627506539213,15.40411287595076
lambda_04,lambda_04_wrong_cell,1,6,3.6732339925910202,0.39103517059088105,0.44846412628805243,5.194737330092093,0.44982832421940905,-5.675398597049188
lambda_04,lambda_04_wrong_cell,2,6,4.948446508423928,0.49156243961864826,0.6903552343143865,6.998160164890908,0.6920735176713441,-5.615217214945943
lambda_04,lambda_04_wrong_cell,4,6,6.845899932999797,0.6240389169968014,0.8168762145308802,9.681564531897376,0.8182375421658611,-5.810921612006788
lambda_04,lambda_04_wrong_cell,6,6,8.266656034736862,0.6927472915652519,0.8583471216873794,11.690817079798263,0.8596820829325331,-5.976125954496308
lambda_05,lambda_05_real,1,6,3.649059012650168,0.3766149809330063,0.45558919678844684,5.160548745589643,0.4568237574580802,-5.022678987870378
lambda_05,lambda_05_real,2,6,4.2179397363407185,0.49107396427360145,0.7749497760047714,5.965067580405441,0.7762557037443901,10.135064539372726
lambda_05,lambda_05_real,4,6,5.175607897480796,0.6989274519629378,0.8948386194902156,7.319414882142641,0.8956590528846596,20.29376601161822
lambda_05,lambda_05_real,6,6,5.931215785579514,0.8405489793839811,0.9263822648815531,8.388005805327941,0.9271720709465843,24.280490124722082
lambda_05,lambda_05_stale_time,1,6,3.6705334964112413,0.40761647414282187,0.4497306762948465,5.190918251769514,0.4512703544055688,-5.581230379230555
lambda_05,lambda_05_stale_time,2,6,4.985036566819863,0.49754341069932767,0.6855821822643464,7.049906321722463,0.6874712763470407,-6.416034068291457
lambda_05,lambda_05_stale_time,4,6,5.868471070743346,0.6432964225447055,0.8652683957038434,8.299271378639398,0.8663793877389349,9.467765422382742
lambda_05,lambda_05_stale_time,6,6,6.569227541498297,0.7595575843892135,0.9101781809435204,9.290290683501754,0.9111524457105374,16.016355829514403
lambda_05,lambda_05_wrong_cell,1,6,3.7021775455461916,0.39184044839848764,0.4398602121532021,5.235669695224561,0.44117858052951614,-6.518879341386246
lambda_05,lambda_05_wrong_cell,2,6,4.97268700663511,0.4912121500688853,0.6872937144505128,7.032441406219841,0.6890026579243665,-6.144774439427851
lambda_05,lambda_05_wrong_cell,4,6,6.876771517740594,0.6241310315077183,0.8152244648791919,9.725223545729763,0.8165711613111496,-6.301105691102016
lambda_05,lambda_05_wrong_cell,6,6,8.299015447865273,0.6943448132540366,0.8572445487375538,11.736580200714895,0.8585590680883574,-6.403687164812005
lambda_06,lambda_06_real,1,6,3.69352148063825,0.3803067143161876,0.44184669970999235,5.223428170834969,0.4430618951638278,-6.307793611586651
lambda_06,lambda_06_real,2,6,4.199445600069519,0.4910619426115194,0.77701842994402,5.9389129220663355,0.7783054651003609,10.535889483728385
lambda_06,lambda_06_real,4,6,5.084943336000908,0.6958038269707488,0.8986904663345537,7.191195829671174,0.8994801536034059,21.725237563320334
lambda_06,lambda_06_real,6,6,5.784695286293917,0.8152720790105316,0.9301991023054704,8.18079452807257,0.9309533775795171,26.18334158154538
lambda_06,lambda_06_stale_time,1,6,3.6993102745397537,0.4020105407354258,0.4407005969828583,5.231614761680258,0.44233321312475565,-6.428536940396968
lambda_06,lambda_06_stale_time,2,6,5.038435275098936,0.48293268483826296,0.678606600756794,7.125423499183931,0.6805634625760789,-7.588239197572384
lambda_06,lambda_06_stale_time,4,6,5.843596933360815,0.6409375006494823,0.8664557102684766,8.264094036200692,0.8675645076375611,9.853537449203236
lambda_06,lambda_06_stale_time,6,6,6.486368195885507,0.7471205110916274,0.9125565318801078,9.173109873166787,0.9135037108283446,17.086313388904177
lambda_06,lambda_06_wrong_cell,1,6,3.745746753814877,0.39488181802283184,0.4262440209024409,5.297285860459994,0.4275402505438686,-7.777359275161596
lambda_06,lambda_06_wrong_cell,2,6,5.014076265774785,0.4746704513274746,0.6818962658308955,7.090974657831744,0.6836391802948286,-7.060392800846963
lambda_06,lambda_06_wrong_cell,4,6,6.930767909989842,0.6010591708283655,0.81220040210163,9.801585975967866,0.8135782661900829,-7.163815986498108
lambda_06,lambda_06_wrong_cell,6,6,8.358956717246755,0.6676404303836688,0.85507585577323,11.821349956820045,0.8564181265310623,-7.195699214625438
lambda_07,lambda_07_real,1,6,3.7203769123820187,0.4013962066988331,0.43412603992161203,5.26140748663039,0.43534520834373697,-7.033056262536121
lambda_07,lambda_07_real,2,6,4.192603603819616,0.47896377842210724,0.7776864111476037,5.929236878176014,0.7789664715289679,10.660540800753838
lambda_07,lambda_07_real,4,6,5.042530783450265,0.6548283363490152,0.9002877208035295,7.131215422639193,0.9010428291016868,22.326117829837262
lambda_07,lambda_07_real,6,6,5.710519445775847,0.7657792359826469,0.9318726538940268,8.075894048411493,0.9325845552213902,27.074095280993575
lambda_07,lambda_07_stale_time,1,6,3.7176519835167645,0.421118572486134,0.4354205800045288,5.257553855272646,0.43715081660453836,-6.917500262418058
lambda_07,lambda_07_stale_time,2,6,5.071547546786404,0.5186634251654302,0.674569002335053,7.172251322885333,0.676593546883825,-8.242678749799017
lambda_07,lambda_07_stale_time,4,6,5.83505050263667,0.6327616730454019,0.8668398529382261,8.252007557960724,0.8679424769880103,9.976364213962848
lambda_07,lambda_07_stale_time,6,6,6.4459234888674395,0.7162669071929297,0.9135997311427061,9.115912419975631,0.9145207071455141,17.574526003054263
lambda_07,lambda_07_wrong_cell,1,6,3.7723433455221467,0.4156820892102315,0.4184773502265919,5.334899121165314,0.41977459861432687,-8.496088050499196
lambda_07,lambda_07_wrong_cell,2,6,5.035936897876236,0.4992835697049243,0.679299943049473,7.121890260231663,0.6810596727871486,-7.489801545692202
lambda_07,lambda_07_wrong_cell,4,6,6.958503824693776,0.6343683628141882,0.8108212365787774,9.840810482706992,0.8122047119243753,-7.558054696106445
lambda_07,lambda_07_wrong_cell,6,6,8.38693740617353,0.7006270205308199,0.8542224231898468,11.860920626584836,0.8555631391264806,-7.526876190604978
lambda_08,lambda_08_real,1,6,3.7375010285079355,0.4080367352424974,0.4290124143244962,5.285624643899314,0.43020562688818864,-7.515339748145913
lambda_08,lambda_08_real,2,6,4.193686392299046,0.4794774551635995,0.7775887574353583,5.930768172328807,0.77886011178673,10.638001104611048
lambda_08,lambda_08_real,4,6,5.031543896571478,0.6576186349753231,0.9007285672722318,7.115677618206952,0.9014677882574981,22.49968826918422
lambda_08,lambda_08_real,6,6,5.685822299293135,0.7695484975425925,0.9324638450402087,8.040967008903726,0.9331540833677289,27.394117346487477
lambda_08,lambda_08_stale_time,1,6,3.7263195909323166,0.42277117403799125,0.43277722478725505,5.269811703233046,0.43454529354745497,-7.169467550264511
lambda_08,lambda_08_stale_time,2,6,5.087817522720958,0.5244127010497299,0.6724945774083486,7.195260543511462,0.674538430380744,-8.586700383851246
lambda_08,lambda_08_stale_time,4,6,5.832349225189772,0.6335521499375064,0.8669845390285985,8.248187374759588,0.8680774371811187,10.019118985541477
lambda_08,lambda_08_stale_time,6,6,6.428477657579596,0.7144335243596945,0.9140865154132983,9.09124028876149,0.9149865808275477,17.797656640440188
lambda_08,lambda_08_wrong_cell,1,6,3.7897447210960364,0.4221189253489999,0.41320531116466647,5.359508382505857,0.414479130714118,-8.986641731193691
lambda_08,lambda_08_wrong_cell,2,6,5.045661946877842,0.5007388109096131,0.6780752743349798,7.135643556424479,0.6798349042045215,-7.698674022837799
lambda_08,lambda_08_wrong_cell,4,6,6.968419551142415,0.6364196346844323,0.8103029107981161,9.85483343753144,0.8116803299153327,-7.712407920684485
lambda_08,lambda_08_wrong_cell,6,6,8.393443525021508,0.7011621333044737,0.8540222818045318,11.870121668098053,0.8553512702866831,-7.612643256618582
lambda_09,lambda_09_real,1,6,3.7922158326639575,0.41127192519324574,0.41162424839985284,5.363003061999348,0.41282839434282287,-9.090364113193191
lambda_09,lambda_09_real,2,6,4.17791416827746,0.48067241685725004,0.7793608298960656,5.908462879208692,0.7806195849392844,10.977737786519304
lambda_09,lambda_09_real,4,6,4.9315386923622935,0.6402173471885897,0.9049149307841245,6.974248902106434,0.9056161995808103,24.053079179677
lambda_09,lambda_09_real,6,6,5.518749755686392,0.7135558087254279,0.9366685346019316,7.804690751834901,0.937311393919004,29.52986170145552
lambda_09,lambda_09_stale_time,1,6,3.7625657960291945,0.4152626000002746,0.4213560796776761,5.321071578065607,0.4232023653307662,-8.224788264634507
lambda_09,lambda_09_stale_time,2,6,5.1508506317727125,0.5050200218506924,0.6641291980615865,7.2844028212109935,0.6662402150162714,-9.95713952206492
lambda_09,lambda_09_stale_time,4,6,5.8103848986261255,0.6313371564003714,0.8680350644177754,8.217125126244888,0.869120574239162,10.353442953555843
lambda_09,lambda_09_stale_time,6,6,6.3421647407116675,0.6943699549680934,0.9165157376612966,8.969175391118883,0.917381728335911,18.895363550945486
lambda_09,lambda_09_wrong_cell,1,6,3.841279115443046,0.4238908493319372,0.39668741334929813,5.4323890219200806,0.3979697788784138,-10.46922323126165
lambda_09,lambda_09_wrong_cell,2,6,5.097691257386324,0.48366094950222055,0.6711953133945535,7.209224112986495,0.6729967552537112,-8.833220314185477
lambda_09,lambda_09_wrong_cell,4,6,7.035398914712321,0.6165450076643871,0.8065109597708932,9.949556561891118,0.8079202427331834,-8.76108691393859
lambda_09,lambda_09_wrong_cell,6,6,8.468785918033626,0.67773512683298,0.8512931259720431,11.976671902117436,0.8526471703410939,-8.587570628035147
lambda_10,lambda_10_real,1,6,3.8079649327152563,0.41755892264250816,0.4067982842144506,5.3852756528870644,0.4079878705272236,-9.532741053158263
lambda_10,lambda_10_real,2,6,4.180735110335249,0.4818032143967765,0.7790768968633808,5.912452293725487,0.7803309467767184,10.918950684900457
lambda_10,lambda_10_real,4,6,4.92497815384113,0.6430861782151399,0.9051810827151522,6.964970899553335,0.9058703966542829,24.158739664171705
lambda_10,lambda_10_real,6,6,5.500748634593833,0.7157250217982891,0.9370956586875346,7.779233322247883,0.9377208553285478,29.763802339504462
lambda_10,lambda_10_stale_time,1,6,3.770638188282591,0.4167465662575331,0.41886760603232315,5.332487664671156,0.4207462305204867,-8.457399238212874
lambda_10,lambda_10_stale_time,2,6,5.164902525040719,0.5089336369911216,0.6623077767387995,7.30427519924763,0.6644373179625108,-10.254309520939158
lambda_10,lambda_10_stale_time,4,6,5.809879819356435,0.6327487073134462,0.8680758261341973,8.216410836291617,0.8691534527235575,10.362628755907489
lambda_10,lambda_10_stale_time,6,6,6.329805008851781,0.6931912758350322,0.9168612651946134,8.951696090695338,0.9177094697466287,19.05359910398853
lambda_10,lambda_10_wrong_cell,1,6,3.857260468492137,0.42983620184940746,0.3917239520343056,5.454990068147179,0.39299406711740387,-10.918799692295075
lambda_10,lambda_10_wrong_cell,2,6,5.106984519020243,0.48440684574482956,0.6700016894155585,7.2223667696278655,0.6718065697380683,-9.032750142924192
lambda_10,lambda_10_wrong_cell,4,6,7.045042934652955,0.6176050294937367,0.8059934336245136,9.96319526568696,0.8073994895588358,-8.910997647999007
lambda_10,lambda_10_wrong_cell,6,6,8.475811659872646,0.677232006294141,0.8510636185561685,11.98660780151191,0.8524087979533714,-8.679748068061631
no_update,no_update,1,6,3.483013707781548,0.4370554357080337,0.5047477107256937,4.925725223476065,0.5059191051218614,0.0
no_update,no_update,2,6,4.692148016038391,0.5283004496556833,0.7216388951477023,6.6356993609435015,0.7232227225122463,0.0
no_update,no_update,4,6,6.479881277411175,0.6812862143374457,0.835832025332547,9.16393598508238,0.8370813057016641,0.0
no_update,no_update,6,6,7.8120400713591165,0.761255921746067,0.8733865335139995,11.047893018718142,0.8746039002712102,0.0
