movie,method,neighbor_k,n_rows,n_directed_neighbor_pairs,mean_neighbor_distance_px,error_energy,frame_mean_energy_fraction,neighbor_dot,random_same_frame_dot,neighbor_dot_excess,neighbor_dot_excess_normalized,neighbor_cosine,random_same_frame_cosine,neighbor_cosine_excess,neighbor_component_corr,random_same_frame_component_corr,neighbor_component_corr_excess
1,constant_velocity,1,14446,14446,22.558321494344337,35.59734187200214,0.08895675043643285,12.469853385642406,3.025377102057764,9.444476283584642,0.26531408770756754,0.4460581454651139,0.16095366029269578,0.28510448517241815,0.34314885728577554,0.0850185489914306,0.2581303082943449
2,constant_velocity,1,13633,13633,22.810095317496152,28.722950642843564,0.14650592088221095,12.418931121780972,4.148583450835791,8.270347670945181,0.2879351698153536,0.5246654035746946,0.26796513195865335,0.25670027161604125,0.4222085793917044,0.1441927291655194,0.278015850226185
3,constant_velocity,1,12799,12799,23.55132968254307,30.868571207879523,0.05983896450486551,11.535066002520551,1.635894259443486,9.899171743077066,0.32068772073746643,0.4164742615033901,0.11995613964648871,0.2965181218569014,0.3651581559156521,0.05318447027381084,0.31197368564184125
4,constant_velocity,1,13260,13260,22.92339222223951,47.05353929305513,0.3087545265103765,24.45710615265656,14.47378214209794,9.98332401055862,0.2121694597377951,0.5722221412298946,0.33969340661688996,0.2325287346130046,0.5228624897022046,0.3097586874364859,0.21310380226571873
5,constant_velocity,1,14154,14154,22.65809537417309,29.11091688072845,0.06571867327971224,11.085191571082573,1.8363910084025739,9.24880056268,0.31770900932367213,0.4457837698400341,0.12285851534922061,0.3229252544908135,0.37243831211731265,0.0627879986109969,0.3096503135063158
6,constant_velocity,1,12960,12960,23.131100534142515,52.99342514624229,0.28654235842000286,28.481450591435365,15.19411207565193,13.287338515783436,0.2507356050135519,0.6033773324653899,0.35474632622303637,0.24863100624235357,0.5376132225730396,0.28671061473155823,0.25090260784148133
1,imm_cv_ca_turn,1,14446,14446,22.558321494344337,31.602345886356275,0.06981224685557567,11.054608294208052,2.069226792538975,8.985381501669076,0.28432640836161305,0.433678284475236,0.11260048080026427,0.32107780367497174,0.3457766050456109,0.06526247759226032,0.2805141274533506
2,imm_cv_ca_turn,1,13633,13633,22.810095317496152,24.861424418121448,0.11054467786930332,10.592117321630946,2.6030678052870937,7.989049516343853,0.3213431934543802,0.49821955972986254,0.18950149143942063,0.3087180682904419,0.4164050860056499,0.104319999664899,0.31208508634075094
3,imm_cv_ca_turn,1,12799,12799,23.55132968254307,28.369750533505414,0.05236046007132957,10.888418816108775,1.4156062866436976,9.472812529465077,0.33390538694647454,0.4164236681104168,0.09291776983253963,0.3235058982778772,0.3782873871399928,0.050041270247377284,0.3282461168926155
4,imm_cv_ca_turn,1,13260,13260,22.92339222223951,40.120018852628235,0.24680037614756128,19.586843609846632,9.859069749503115,9.727773860343516,0.2424668317349571,0.5366157368248528,0.27440002312178163,0.2622157137030711,0.49295367962023995,0.24526641581045683,0.24768726380978312
5,imm_cv_ca_turn,1,14154,14154,22.65809537417309,25.903513487257847,0.05355650304431689,10.160743884085893,1.293412777561593,8.8673311065243,0.3423215584590953,0.4414234213273874,0.08664541693742989,0.3547780043899575,0.38372206486144894,0.04938501918926383,0.33433704567218514
6,imm_cv_ca_turn,1,12960,12960,23.131100534142515,46.177765340811035,0.2270245933642781,23.615304718144507,10.350402023129279,13.264902695015229,0.28725735420747955,0.5654411302833162,0.27656194423743874,0.2888791860458775,0.5119549579404551,0.22358462294591266,0.28837033499454245
1,kalman_cv,1,14446,14446,22.558321494344337,31.072020899706835,0.07484187031792651,11.518875042596227,2.2386360470744,9.280238995521827,0.298668664824739,0.44819624990475165,0.11616291420156952,0.33203333570318216,0.3653107591177843,0.07194714135429964,0.2933636177634847
2,kalman_cv,1,13633,13633,22.810095317496152,25.275074046520682,0.11812217145241824,11.233692513976278,2.926503707514391,8.307188806461888,0.3286711956282256,0.5141370913114297,0.19893564782065076,0.31520144349077894,0.43462619441202377,0.11516613175560775,0.319460062656416
3,kalman_cv,1,12799,12799,23.55132968254307,27.789948895419936,0.05201545965123438,11.671736988320196,1.3875250703819884,10.284211917938208,0.37006947931570866,0.45687661269215113,0.08464108532969844,0.3722355273624527,0.415823894093534,0.04967703296121473,0.36614686113231926
4,kalman_cv,1,13260,13260,22.92339222223951,39.892929256380775,0.25944431206139545,20.605056591651373,10.26768696998822,10.337369621663152,0.25912786587386827,0.5597634232901433,0.27717986960361385,0.28258355368652943,0.5180646795833344,0.25807747835404843,0.2599872012292859
5,kalman_cv,1,14154,14154,22.65809537417309,26.113458653595075,0.055022233365810816,10.733523826228117,1.4479606369374696,9.285563189290647,0.35558534441826195,0.4579759976144772,0.09184785763064163,0.3661281399838356,0.4023904297933957,0.055308252246245415,0.34708217754715026
6,kalman_cv,1,12960,12960,23.131100534142515,46.037309326927215,0.24503015481347476,25.197727139613335,11.18874917105198,14.008977968561355,0.304296193095879,0.5948629005805172,0.2898653055997935,0.30499759498072365,0.5476862271648895,0.24212940282900422,0.30555682433588527
1,v52_rolling,1,14446,14446,22.558321494344337,25.42782696897474,0.08618552474846514,10.84618057342475,2.1408785267393804,8.70530204668537,0.3423533618231307,0.4659614503086882,0.11912808710460251,0.34683336320408564,0.42370105682072967,0.08291679697036108,0.3407842598503686
2,v52_rolling,1,13633,13633,22.810095317496152,21.913866981325626,0.1831314089351111,11.420517135006937,3.9719868750055656,7.448530260001371,0.3399003136392494,0.5393153437106771,0.23196918546684117,0.30734615824383593,0.5041062711645599,0.16904505904290673,0.33506121212165313
3,v52_rolling,1,12799,12799,23.55132968254307,21.952531144612532,0.07590123139479961,9.51100311836431,1.5479152600804786,7.9630878582838305,0.36274121675659654,0.45947324751506874,0.11668345254387781,0.34278979497119094,0.42154228681031153,0.0588727162252636,0.36266957058504795
4,v52_rolling,1,13260,13260,22.92339222223951,31.59554558278658,0.26663533660191224,17.109247761367296,8.298186786798144,8.811060974569152,0.27887035378080205,0.5756311061771604,0.3083594598908561,0.2672716462863043,0.5323610210542857,0.24888468074269215,0.2834763403115936
5,v52_rolling,1,14154,14154,22.65809537417309,20.732588520899547,0.06695183508636786,9.569637414626214,1.3352323501194492,8.234405064506765,0.3971720683216207,0.4883635118682411,0.09668277116621894,0.3916807407020222,0.4519660577596818,0.06301763113046682,0.38894842662921497
6,v52_rolling,1,12960,12960,23.131100534142515,36.634132357106466,0.2775286574791319,21.624684097996266,10.108058552661365,11.5166255453349,0.31436872676748,0.6031437334359225,0.3169080082201453,0.2862357252157772,0.5871739537094679,0.27337567689822534,0.31379827681124256
1,v97,1,14446,14446,22.558321494344337,23.659887793857557,0.09024889932257964,9.497509510411648,2.0672075456542793,7.430301964757369,0.3140463737400471,0.4487631465439505,0.13303455078939966,0.3157285957545508,0.3981528290363611,0.08614686823359546,0.31200596080276566
2,v97,1,13633,13633,22.810095317496152,19.17416592945476,0.15249927983861147,8.909617180696996,2.8497119539431526,6.059905226753843,0.3160453106043484,0.4989211044521988,0.2199276808258145,0.2789934236263843,0.4549519725767877,0.14787245850886183,0.3070795140679259
3,v97,1,12799,12799,23.55132968254307,21.07106052057742,0.06965072214559118,8.609420024321276,1.3713176287006632,7.238102395620612,0.3435091645506917,0.43159037767054975,0.11124166278822632,0.3203487148823234,0.4015493849599137,0.06090149135945674,0.340647893600457
4,v97,1,13260,13260,22.92339222223951,29.97064562605361,0.27425140648103863,15.700260808005151,8.110958024305008,7.589302783700143,0.253224534379157,0.5542435622215792,0.2929002254690315,0.26134333675254773,0.5225187024392982,0.26983288685122897,0.25268581558806924
5,v97,1,14154,14154,22.65809537417309,19.152958311586143,0.06641229436846988,8.150111772815588,1.2287361753432526,6.921375597472336,0.3613737097357648,0.45475914516050714,0.10751914011808061,0.3472400050424265,0.4165012083104059,0.06331855066765328,0.3531826576427526
6,v97,1,12960,12960,23.131100534142515,34.458070220419906,0.2563644596628235,19.463226983393053,8.78835522510091,10.674871758292143,0.3097930815628264,0.5730905172935908,0.29468953835284334,0.2784009789407475,0.562850635704302,0.25470679602082097,0.3081438396834811
1,constant_velocity,4,14446,57784,29.743575020227702,35.59734187200214,0.08895675043643285,10.553062534825264,3.088038135613997,7.465024399211266,0.2097073547247814,0.39643853974481347,0.16129365292560813,0.23514488681920534,0.2938479522931374,0.08680674511779571,0.20704120717534172
2,constant_velocity,4,13633,54532,30.023456628182224,28.722950642843564,0.14650592088221095,10.31077660702555,4.109071533326905,6.201705073698646,0.21591462349442936,0.47700997418229407,0.2680919402421092,0.20891803394018488,0.35745298892437183,0.14260104421677053,0.2148519447076013
3,constant_velocity,4,12799,51196,31.10311958004152,30.868571207879523,0.05983896450486551,9.299374112688369,1.7497189300944551,7.549655182593914,0.244574170011043,0.3597433193485878,0.12165057648308755,0.23809274286550022,0.29901933950003534,0.056745425844068165,0.24227391365596718
4,constant_velocity,4,13260,53040,30.19687496121376,47.05353929305513,0.3087545265103765,22.262475277750003,14.444376487626943,7.818098790123059,0.16615325664305494,0.5345538363185467,0.3389894076826111,0.1955644286359356,0.4763211947012972,0.307865052182153,0.1684561425191442
5,constant_velocity,4,14154,56616,29.963900612365446,29.11091688072845,0.06571867327971224,8.960264148745429,1.828274248832081,7.131989899913348,0.24499365406916315,0.38670570695804396,0.12431063886783456,0.2623950680902094,0.3064503270322975,0.06265583437809909,0.24379449265419845
6,constant_velocity,4,12960,51840,30.543748565018156,52.99342514624229,0.28654235842000286,25.313757928517816,15.08552154578287,10.228236382734947,0.19300953570200058,0.5557907100184042,0.35329222821309786,0.20249848180530633,0.4803267306056547,0.28427813652852313,0.19604859407713154
1,imm_cv_ca_turn,4,14446,57784,29.743575020227702,31.602345886356275,0.06981224685557567,9.4512664072477,2.1066743287082295,7.344592078539471,0.2324065468098798,0.38241898455772644,0.11527766396896941,0.26714132058875706,0.29702160300693803,0.06663485197450748,0.23038675103243056
2,imm_cv_ca_turn,4,13633,54532,30.023456628182224,24.861424418121448,0.11054467786930332,8.705304436932558,2.639857841771482,6.065446595161076,0.24397019628288,0.44061144530647955,0.18998418340719733,0.2506272618992822,0.3492075255074687,0.10569378317814561,0.2435137423293231
3,imm_cv_ca_turn,4,12799,51196,31.10311958004152,28.369750533505414,0.05236046007132957,8.888122528265933,1.4611110719283498,7.427011456337583,0.26179332974980124,0.357868732246812,0.09482009438864608,0.2630486378581659,0.31255338449089975,0.05133252360180068,0.26122086088909907
4,imm_cv_ca_turn,4,13260,53040,30.19687496121376,40.120018852628235,0.24680037614756128,17.732837658487718,9.809162868418479,7.923674790069239,0.19749927883072677,0.5004765349600584,0.2722993890470074,0.228177145913051,0.44490111240155633,0.2438226903675872,0.20107842203396914
5,imm_cv_ca_turn,4,14154,56616,29.963900612365446,25.903513487257847,0.05355650304431689,8.21011276175107,1.3514078880335576,6.858704873717512,0.2647789411691725,0.38114374627378955,0.09041948896171875,0.2907242573120708,0.3157311160153959,0.05162206287417301,0.2641090531412229
6,imm_cv_ca_turn,4,12960,51840,30.543748565018156,46.177765340811035,0.2270245933642781,20.723712514477864,10.374919511619915,10.34879300285795,0.22410770478994751,0.5191938929211306,0.276855523221869,0.2423383696992616,0.45103555047447685,0.2243560018078894,0.22667954866658746
1,kalman_cv,4,14446,57784,29.743575020227702,31.072020899706835,0.07484187031792651,9.7993773698181,2.190573115140948,7.6088042546771515,0.24487638828631647,0.3946458002427225,0.11387122719520187,0.2807745730475206,0.31320172607744184,0.07030281144830025,0.2428989146291416
2,kalman_cv,4,13633,54532,30.023456628182224,25.275074046520682,0.11812217145241824,9.309729981703448,2.9133145606089657,6.396415421094483,0.25307207446045055,0.4601626278714942,0.1982467130778874,0.26191591479360676,0.3671493900396299,0.11460713072972455,0.2525422593099053
3,kalman_cv,4,12799,51196,31.10311958004152,27.789948895419936,0.05201545965123438,9.792879927124952,1.3573733537809116,8.43550657334404,0.3035452351887663,0.39668299743827784,0.08474225803336845,0.3119407394049094,0.3514289196665092,0.048878293220273115,0.3025506264462361
4,kalman_cv,4,13260,53040,30.19687496121376,39.892929256380775,0.25944431206139545,18.629831265569326,10.296383563524001,8.333447702045325,0.20889535708166657,0.5195102347149101,0.27460078498738383,0.24490944972752626,0.47016833597662483,0.25812427650965336,0.21204405946697147
5,kalman_cv,4,14154,56616,29.963900612365446,26.113458653595075,0.055022233365810816,8.73524458468099,1.3401009523253058,7.395143632355683,0.2831928060719595,0.3990456981201399,0.09026814001566043,0.3087775581044795,0.33305457726077087,0.051152510317912216,0.28190206694285863
6,kalman_cv,4,12960,51840,30.543748565018156,46.037309326927215,0.24503015481347476,22.29863666748631,11.183609681793948,11.115026985692362,0.241435200019198,0.546212250429357,0.2882003729153231,0.25801187751403387,0.4874552121543374,0.24300410415591744,0.24445110799841996
1,v52_rolling,4,14446,57784,29.743575020227702,25.42782696897474,0.08618552474846514,9.209340091744306,2.124400488650473,7.084939603093833,0.27862937763963797,0.41581469657549613,0.1180372931095662,0.29777740346592996,0.3595346122694684,0.08174766767688872,0.2777869445925797
2,v52_rolling,4,13633,54532,30.023456628182224,21.913866981325626,0.1831314089351111,9.846602401360816,3.941610561302425,5.904991840058391,0.26946370739087067,0.4900092328370487,0.23040238925802028,0.2596068435790284,0.44018327095074744,0.1674255811491219,0.2727576898016255
3,v52_rolling,4,12799,51196,31.10311958004152,21.952531144612532,0.07590123139479961,7.982818781145651,1.6137854521766755,6.369033328968976,0.2901275159120787,0.4020519628260161,0.1197055482017511,0.28234641462426496,0.35492444467811185,0.06203145176774663,0.2928929929103652
4,v52_rolling,4,13260,53040,30.19687496121376,31.59554558278658,0.26663533660191224,15.393615287051887,8.335648139409681,7.057967147642206,0.22338487965491638,0.5312177055705691,0.3108569314426772,0.22036077412789196,0.4812505467435122,0.24948729725419383,0.23176324948931837
5,v52_rolling,4,14154,56616,29.963900612365446,20.732588520899547,0.06695183508636786,7.946094840351784,1.3607839386928828,6.585310901658901,0.3176309072560119,0.4303471009882433,0.09760606847985759,0.3327410325083857,0.380845090965483,0.06413112334918093,0.3167139676163021
6,v52_rolling,4,12960,51840,30.543748565018156,36.634132357106466,0.2775286574791319,19.03767622566981,10.053102079048417,8.984574146621393,0.2452514518165877,0.5553471259505562,0.3184024715056111,0.23694465444494517,0.5212942495071188,0.2721966185982189,0.24909763090889986
1,v97,4,14446,57784,29.743575020227702,23.659887793857557,0.09024889932257964,8.052248456310513,2.0688364906628456,5.983411965647668,0.25289266026025053,0.399492685618397,0.13203030940525998,0.26746237621313707,0.3378604427476153,0.08647795468762047,0.2513824880599948
2,v97,4,13633,54532,30.023456628182224,19.17416592945476,0.15249927983861147,7.471236327155307,2.8519782085277487,4.619258118627558,0.24091051134232633,0.44860006329474456,0.21980172215113886,0.2287983411436057,0.38841283992039366,0.14763934235143203,0.24077349756896163
3,v97,4,12799,51196,31.10311958004152,21.07106052057742,0.06965072214559118,7.139979921668231,1.4226993485537287,5.717280573114502,0.2713333089016171,0.37343195416690955,0.11420188340476864,0.2592300707621409,0.3349664006173042,0.06321178407628493,0.2717546165410193
4,v97,4,13260,53040,30.19687496121376,29.97064562605361,0.27425140648103863,14.193913155911979,8.114277691676165,6.079635464235814,0.20285300290464084,0.5072000443505353,0.29378473587441134,0.213415308476124,0.4757014961490608,0.2694400641683917,0.2062614319806691
5,v97,4,14154,56616,29.963900612365446,19.152958311586143,0.06641229436846988,6.567798398656508,1.204641558931409,5.363156839725098,0.2800171520490795,0.3953123257441035,0.10564975784043051,0.289662567903673,0.3408698426478426,0.06159186440422425,0.27927797824361833
6,v97,4,12960,51840,30.543748565018156,34.458070220419906,0.2563644596628235,16.88954110605434,8.766490348704057,8.123050757350285,0.23573725125606576,0.5250423448059094,0.29186370239278203,0.23317864241312736,0.4934528625049661,0.2535771365883997,0.23987572591656642
1,constant_velocity,8,14446,115568,38.43388289074941,35.59734187200214,0.08895675043643285,8.409538242777593,3.054977971368955,5.354560271408638,0.15042022774234395,0.34262171836664035,0.16049203223838732,0.18212968612825303,0.23618916867409825,0.08570658964737206,0.15048257902672618
2,constant_velocity,8,13633,109064,38.84348827850842,28.722950642843564,0.14650592088221095,8.657778821577269,4.117378138413114,4.540400683164155,0.15807570536961574,0.42562497619945844,0.26774580575119783,0.1578791704482606,0.29907275665801986,0.14296964645123186,0.156103110206788
3,constant_velocity,8,12799,102392,40.18783629077948,30.868571207879523,0.05983896450486551,6.962623377915531,1.7367454485698324,5.225877929345698,0.16929445467860652,0.2985937127963177,0.12158402631258534,0.17700968648373233,0.2256187789824597,0.05636306169283067,0.16925571728962902
4,constant_velocity,8,13260,106080,38.948317088524206,47.05353929305513,0.3087545265103765,20.43040653258927,14.385120586713112,6.045285945876158,0.12847675300736436,0.4898904187099065,0.3389538150903369,0.15093660361956962,0.43654484897322454,0.30578478109629237,0.13076006787693217
5,constant_velocity,8,14154,113232,38.78926537790726,29.11091688072845,0.06571867327971224,7.100233674629914,1.8223715397857665,5.277862134844147,0.1813018173377464,0.324966997888348,0.12379630750555552,0.20117069038279245,0.24411207269865356,0.06250366907250939,0.18160840362614417
6,constant_velocity,8,12960,103680,39.36705536280909,52.99342514624229,0.28654235842000286,22.838648156842275,15.08320076852004,7.755447388322235,0.1463473509575964,0.5140478225796619,0.35478764823096004,0.15926017434870182,0.4327427694980276,0.284602347407389,0.1481404220906386
1,imm_cv_ca_turn,8,14446,115568,38.43388289074941,31.602345886356275,0.06981224685557567,7.472861137243938,2.1295400944454443,5.343321042798493,0.16907988609495514,0.32536016681290286,0.11565952057753234,0.20970064623537052,0.23704854182017673,0.06740170128666245,0.16964684053351428
2,imm_cv_ca_turn,8,13633,109064,38.84348827850842,24.861424418121448,0.11054467786930332,7.182334989463665,2.6838464866066754,4.49848850285699,0.18094250865119577,0.38188079396364427,0.19032232482034578,0.1915584691432985,0.28690222218774875,0.10729385671853015,0.1796083654692186
3,imm_cv_ca_turn,8,12799,102392,40.18783629077948,28.369750533505414,0.05236046007132957,6.722191752710118,1.3852542516142676,5.33693750109585,0.18812070605953296,0.2961839489218229,0.09411741607579367,0.20206653284602927,0.23809799812003957,0.04870685617437629,0.18939114194566328
4,imm_cv_ca_turn,8,13260,106080,38.948317088524206,40.120018852628235,0.24680037614756128,15.998328475360292,9.812776036359919,6.185552439000373,0.15417620968029935,0.44895454485655223,0.2724857806389071,0.17646876421764512,0.4002812153767049,0.24358511426282514,0.15669610111387977
5,imm_cv_ca_turn,8,14154,113232,38.78926537790726,25.903513487257847,0.05355650304431689,6.537708016354388,1.3039248155192829,5.233783200835106,0.2020491623041657,0.31747519635892735,0.08967248959047659,0.22780270676845077,0.25257973186901544,0.04973858191075028,0.20284114995826516
6,imm_cv_ca_turn,8,12960,103680,39.36705536280909,46.177765340811035,0.2270245933642781,18.2799803591149,10.378569292643723,7.901411066471178,0.1711085629232054,0.46883535810020316,0.27677680662248083,0.19205855147772233,0.39757860926148714,0.22471788059804002,0.17286072866344712
1,kalman_cv,8,14446,115568,38.43388289074941,31.072020899706835,0.07484187031792651,7.8207928148841415,2.2359498378111864,5.584842977072955,0.17973864638864376,0.33735714879559414,0.11494754713365642,0.22240960166193774,0.25220412013798243,0.07187262424976044,0.180331495888222
2,kalman_cv,8,13633,109064,38.84348827850842,25.275074046520682,0.11812217145241824,7.733567536942796,2.918112496940364,4.815455040002432,0.19052189643991638,0.40088441968736727,0.19837114264272893,0.20251327704463834,0.3038236129119375,0.11476125492619887,0.18906235798573862
3,kalman_cv,8,12799,102392,40.18783629077948,27.789948895419936,0.05201545965123438,7.623342172793864,1.335266113227739,6.288076059566125,0.22627159492914586,0.3301440192817901,0.08651018994041804,0.24363382934137207,0.2752723171511855,0.04802904756474909,0.2272432695864364
4,kalman_cv,8,13260,106080,38.948317088524206,39.892929256380775,0.25944431206139545,16.833138389745667,10.261854287928948,6.571284101816719,0.16472302797282448,0.46752753848909034,0.2741291948856982,0.19339834360339214,0.4245903744331166,0.25719885286897864,0.16739152156413795
5,kalman_cv,8,14154,113232,38.78926537790726,26.113458653595075,0.055022233365810816,7.015740747241287,1.4008227462846228,5.6149180009566635,0.21502008123246633,0.3344942498967872,0.09206277914126548,0.24243147075552174,0.2689026485371098,0.053552607715307184,0.21535004082180265
6,kalman_cv,8,12960,103680,39.36705536280909,46.037309326927215,0.24503015481347476,19.855923687887984,11.180999851779434,8.67492383610855,0.18843246842479103,0.49717093557057707,0.289429658947657,0.20774127662292008,0.433749330440187,0.24292490675447134,0.19082442368571564
1,v52_rolling,8,14446,115568,38.43388289074941,25.42782696897474,0.08618552474846514,7.4661583013985,2.1024967300956843,5.363661571302815,0.21093668671912788,0.3514443927892194,0.11736662224616061,0.23407777054305878,0.2937214090777093,0.08092409305131787,0.2127973160263914
2,v52_rolling,8,13633,109064,38.84348827850842,21.913866981325626,0.1831314089351111,8.555676639360032,3.956005016018527,4.5996716233415045,0.20989776141569236,0.43603606116432697,0.2305681327938305,0.20546792837049646,0.37975079583762256,0.1679631507622104,0.21178764507541215
3,v52_rolling,8,12799,102392,40.18783629077948,21.952531144612532,0.07590123139479961,6.352283598037219,1.6042839322501836,4.747999665787035,0.2162848390697882,0.33909337839756454,0.11822151830260128,0.22087186009496326,0.2820567059994252,0.061449577547303846,0.22060712845212133
4,v52_rolling,8,13260,106080,38.948317088524206,31.59554558278658,0.26663533660191224,13.835644959614248,8.372580898001981,5.4630640616122665,0.1729061473965676,0.4795107751056326,0.31038153589315826,0.16912923921247436,0.4306071880277421,0.25113414130747225,0.17947304672026987
5,v52_rolling,8,14154,113232,38.78926537790726,20.732588520899547,0.06695183508636786,6.628036817328862,1.3478367928644959,5.280200024464366,0.2546811759246389,0.36661589369655767,0.09760260678414202,0.26901328691241566,0.31905541948531235,0.06349621249115732,0.255559206994155
6,v52_rolling,8,12960,103680,39.36705536280909,36.634132357106466,0.2775286574791319,17.06082574258958,10.065106257848523,6.9957194847410555,0.1909617898561747,0.5070449755682879,0.3170966744179444,0.18994830115034345,0.4664128532466346,0.2720955457151811,0.19431730753145354
1,v97,8,14446,115568,38.43388289074941,23.659887793857557,0.09024889932257964,6.491221462452891,2.06143282416072,4.4297886382921705,0.18722779570587003,0.3391250532519519,0.13202822952938942,0.2070968237225625,0.27485307868344844,0.0859997626317,0.18885331605174843
2,v97,8,13633,109064,38.84348827850842,19.17416592945476,0.15249927983861147,6.289275670809266,2.8913103138268728,3.397965356982393,0.17721581055906813,0.39156793803192325,0.22014785479100615,0.1714200832409171,0.3260698183895406,0.1495994471641193,0.17647037122542128
3,v97,8,12799,102392,40.18783629077948,21.07106052057742,0.06965072214559118,5.551532267451635,1.3987677018839786,4.152764565567656,0.19708379469140533,0.3116100232406133,0.11435120604867453,0.19725881719193877,0.2611859667980721,0.06212580697039744,0.19906015982767467
4,v97,8,13260,106080,38.948317088524206,29.97064562605361,0.27425140648103863,12.818821153345125,8.143939830994027,4.674881322351098,0.15598200254609143,0.45477925473894043,0.2940081501228216,0.16077110461611882,0.4295687889434218,0.2697640602535049,0.1598047286899169
5,v97,8,14154,113232,38.78926537790726,19.152958311586143,0.06641229436846988,5.345669280532759,1.2262319635723038,4.119437316960455,0.2150809942748372,0.3302578093337429,0.10521868719189856,0.22503912214184432,0.2786844299936959,0.06281502784093465,0.21586940215276126
6,v97,8,12960,103680,39.36705536280909,34.458070220419906,0.2563644596628235,15.00518111662923,8.759040794742557,6.2461403218866725,0.18126785051895333,0.4765851128107675,0.2927816193548467,0.18380349345592079,0.43789580467913314,0.253482016659011,0.18441378802012215
1,constant_velocity,16,14446,231136,52.15644886073121,35.59734187200214,0.08895675043643285,6.514529835549298,3.0717663734603677,3.44276346208893,0.09671406012471725,0.2883349468919968,0.1610484298013568,0.12728651709063998,0.18289255884640387,0.08630714899595911,0.09658540985044477
2,constant_velocity,16,13633,218128,53.043423499950194,28.722950642843564,0.14650592088221095,6.97802955207964,4.130203180542042,2.8478263715375984,0.09914811353990004,0.3741588835686252,0.26793542242803436,0.10622346114059084,0.2419920261708309,0.14323216835382035,0.09875985781701055
3,constant_velocity,16,12799,204784,54.611240981869116,30.868571207879523,0.05983896450486551,4.905289778887393,1.7451265035365007,3.160163275350892,0.10237478288415978,0.2402650604958783,0.12149529366872934,0.11876976682714897,0.15862872496967134,0.056469071277043065,0.10215965369262828
4,constant_velocity,16,13260,212160,52.980961211145825,47.05353929305513,0.3087545265103765,18.44063821292819,14.419666681430447,4.020971531497741,0.0854552408152476,0.4445491487635033,0.3389861274229375,0.10556302134056583,0.3918992195335634,0.3065926843369495,0.08530653519661391
5,constant_velocity,16,14154,226464,52.62681370639252,29.11091688072845,0.06571867327971224,5.3616198655331235,1.8312010343566305,3.530418831176493,0.1212747384646495,0.26371401311414305,0.12346798818259648,0.1402460249315466,0.18434284864539263,0.06276316605129029,0.12157968259410235
6,constant_velocity,16,12960,207360,53.52008898143568,52.99342514624229,0.28654235842000286,20.334714142199893,15.059673013782488,5.275041128417405,0.09954142639129739,0.4659972870360193,0.3535705295543341,0.11242675748168518,0.384849402474,0.28420965911203766,0.10063974336196235
1,imm_cv_ca_turn,16,14446,231136,52.15644886073121,31.602345886356275,0.06981224685557567,5.6597172431614835,2.121209260972776,3.5385079821887073,0.11196978841106832,0.2647890856093311,0.11450951439506908,0.15027957121426205,0.179192352835288,0.06710031688781537,0.11209203594747263
2,imm_cv_ca_turn,16,13633,218128,53.043423499950194,24.861424418121448,0.11054467786930332,5.612485631983477,2.6617712718001423,2.9507143601833343,0.11868645619647457,0.3231773943579948,0.19047828992401414,0.13269910443398067,0.2250212654251105,0.1064565225806469,0.1185647428444636
3,imm_cv_ca_turn,16,12799,204784,54.611240981869116,28.369750533505414,0.05236046007132957,4.73068239303549,1.388302896298066,3.3423794967374243,0.11781490615470824,0.23214023798501382,0.09376710226689292,0.1383731357181209,0.1671071514680728,0.048677015827137314,0.11843013564093549
4,imm_cv_ca_turn,16,13260,212160,52.980961211145825,40.120018852628235,0.24680037614756128,14.03252228574762,9.779557467449276,4.252964818298343,0.10600605233812682,0.3963517012318105,0.27232301761022015,0.12402868362159036,0.3489599271102524,0.24259959169561496,0.10636033541463746
5,imm_cv_ca_turn,16,14154,226464,52.62681370639252,25.903513487257847,0.05355650304431689,4.865893095683473,1.3017870823125206,3.564106013370953,0.1375916056763561,0.2504784725892258,0.09014705416776224,0.16033141842146353,0.18821430980888681,0.049800051381434084,0.13841425842745272
6,imm_cv_ca_turn,16,12960,207360,53.52008898143568,46.177765340811035,0.2270245933642781,15.802827943940873,10.378656785711149,5.424171158229724,0.11746283342637076,0.41454079557937223,0.27719132394539364,0.1373494716339786,0.34362170346444154,0.2243261489507905,0.11929555451365104
1,kalman_cv,16,14446,231136,52.15644886073121,31.072020899706835,0.07484187031792651,5.985560653849837,2.2312608290740066,3.7542998247758304,0.12082573698356557,0.2776279781280667,0.11559360507222033,0.1620343730558464,0.19292171719325296,0.07188355021653685,0.12103816697671611
2,kalman_cv,16,13633,218128,53.043423499950194,25.275074046520682,0.11812217145241824,6.09874977667171,2.906498652612058,3.1922511240596516,0.126300366843004,0.3418463121681961,0.1984606476076182,0.1433856645605779,0.24044618135313656,0.11416717985979127,0.12627900149334528
3,kalman_cv,16,12799,204784,54.611240981869116,27.789948895419936,0.05201545965123438,5.512015924299192,1.3547661804651996,4.157249743833992,0.14959544400310676,0.26088075135011196,0.08570915361557661,0.17517159773453533,0.19896601631839558,0.0487667555648005,0.15019926075359508
4,kalman_cv,16,13260,212160,52.980961211145825,39.892929256380775,0.25944431206139545,14.847794151515618,10.22852782416411,4.619266327351507,0.11579160551647551,0.41428400533096166,0.2734340905421055,0.14084991478885617,0.372740165688446,0.2561600782592303,0.11658008742921566
5,kalman_cv,16,14154,226464,52.62681370639252,26.113458653595075,0.055022233365810816,5.292795778131304,1.3517540760267541,3.94104170210455,0.15091994340481518,0.26651130819795915,0.090720356378804,0.17579095181915516,0.20307249167327387,0.051565502552918016,0.15150698912035587
6,kalman_cv,16,12960,207360,53.52008898143568,46.037309326927215,0.24503015481347476,17.402667987382102,11.197061821554753,6.20560616582735,0.1347951532475355,0.44249240659381395,0.2892238971502507,0.15326850944356324,0.3795918599991684,0.24341296790134437,0.13617889209782402
1,v52_rolling,16,14446,231136,52.15644886073121,25.42782696897474,0.08618552474846514,5.821760002096879,2.120955317663497,3.700804684433382,0.14554152381754235,0.2868398956348498,0.11778598888389025,0.16905390675095955,0.22821025593340982,0.08177228277898334,0.14643797315442647
2,v52_rolling,16,13633,218128,53.043423499950194,21.913866981325626,0.1831314089351111,7.224701265188778,3.9445257119043435,3.2801755532844346,0.14968492580883633,0.3790878255813272,0.23042533712180652,0.14866248845952068,0.3188823335822982,0.167079976643557,0.15180235693874122
3,v52_rolling,16,12799,204784,54.611240981869116,21.952531144612532,0.07590123139479961,4.752875747880536,1.5916198585225578,3.161255889357978,0.14400416373552422,0.27570244343461364,0.11846349928207636,0.15723894415253728,0.2075300663138133,0.0609450566509424,0.14658500966287089
4,v52_rolling,16,13260,212160,52.980961211145825,31.59554558278658,0.26663533660191224,12.145992041592082,8.351795646827629,3.7941963947644535,0.12008643385577591,0.4298974512813981,0.3109570141837131,0.11894043709768504,0.3739825070669083,0.25070249286965524,0.12328001419725304
5,v52_rolling,16,14154,226464,52.62681370639252,20.732588520899547,0.06695183508636786,5.212632097900012,1.325879681987155,3.8867524159128566,0.18747067747931254,0.297760364091819,0.09714416963763556,0.20061619445418344,0.25115221799827975,0.06256091692141665,0.18859130107686312
6,v52_rolling,16,12960,207360,53.52008898143568,36.634132357106466,0.2775286574791319,15.02173763092575,10.071200437276325,4.950537193649426,0.13513455553940795,0.4517503190626667,0.3177688021466018,0.1339815169160649,0.410144699679542,0.27246519317388096,0.13767950650566102
1,v97,16,14446,231136,52.15644886073121,23.659887793857557,0.09024889932257964,5.046226515164986,2.0762620184341354,2.9699644967308507,0.1255274125814703,0.27813969772956953,0.1326122292873317,0.14552746844223782,0.2131507735700242,0.08666884582278366,0.12648192774724054
2,v97,16,13633,218128,53.043423499950194,19.17416592945476,0.15249927983861147,5.0928660435770405,2.8684348643625595,2.224431179214481,0.1160118874217824,0.336348292078454,0.21990115953670544,0.11644713254174857,0.2646079446482427,0.1485407349980504,0.11606720965019232
3,v97,16,12799,204784,54.611240981869116,21.07106052057742,0.06965072214559118,4.026631987661806,1.406117806941702,2.620514180720104,0.12436555711854093,0.2483836565703695,0.11335400647151768,0.13502965009885182,0.18805507642951547,0.062366379376632794,0.12568869705288266
4,v97,16,13260,212160,52.980961211145825,29.97064562605361,0.27425140648103863,11.271301692065679,8.124454428762682,3.1468472633029965,0.10499764678300519,0.40255885785915896,0.2933710013313824,0.10918785652777657,0.37573537636792886,0.26956361411267915,0.10617176225524971
5,v97,16,14154,226464,52.62681370639252,19.152958311586143,0.06641229436846988,4.073866170600366,1.2081831026253966,2.865683067974969,0.14962091084599916,0.26367734637767304,0.1045324520473132,0.15914489433035983,0.21269169108539845,0.062001177661241115,0.15069051342415735
6,v97,16,12960,207360,53.52008898143568,34.458070220419906,0.2563644596628235,13.097595002975794,8.731758139339167,4.365836863636627,0.12669998162141494,0.42156391086352063,0.29252469884063814,0.1290392120228825,0.38167379619259123,0.25289720074434907,0.12877659544824216
