method,contract,horizon,component_rmse,vector_rmse,r2,cosine,magnitude_ratio,n_rows,test_movie,seed,evaluation,fit_movies,validation_movies,confirmation_movies,windows,component_r2,vector_r2
hgbdt_track,streaming_receding_h1,1,3.1102073192596436,4.398497104644775,0.5577927745624786,0.7537235021591187,0.8225048780441284,14984.0,10,ensemble,three_seed_prediction_ensemble,"1,2,3,4",5,"10,11,12,13,14,15,16",,,
hgbdt_track,streaming_receding_h1,2,4.190383434295654,5.9260969161987305,0.7646020986017541,0.8410176038742065,0.8319364786148071,14610.0,10,ensemble,three_seed_prediction_ensemble,"1,2,3,4",5,"10,11,12,13,14,15,16",,,
hgbdt_track,streaming_receding_h1,4,5.728662967681885,8.101552963256836,0.8693567688729464,0.9031808972358704,0.8392283916473389,13863.0,10,ensemble,three_seed_prediction_ensemble,"1,2,3,4",5,"10,11,12,13,14,15,16",,,
hgbdt_track,streaming_receding_h1,6,6.8823113441467285,9.73305892944336,0.9031819680626477,0.9300875663757324,0.8399410247802734,13117.0,10,ensemble,three_seed_prediction_ensemble,"1,2,3,4",5,"10,11,12,13,14,15,16",,,
hgbdt_track,streaming_receding_h1,1,3.3024449348449707,4.6703619956970215,0.5175798317871274,0.7303697466850281,0.8155930042266846,14994.0,11,ensemble,three_seed_prediction_ensemble,"1,2,3,4",5,"10,11,12,13,14,15,16",,,
hgbdt_track,streaming_receding_h1,2,4.360816478729248,6.167126178741455,0.7473694867850968,0.8362064361572266,0.8275290727615356,14618.0,11,ensemble,three_seed_prediction_ensemble,"1,2,3,4",5,"10,11,12,13,14,15,16",,,
hgbdt_track,streaming_receding_h1,4,5.839152812957764,8.257808685302734,0.864011670183861,0.8999419808387756,0.8377068042755127,13870.0,11,ensemble,three_seed_prediction_ensemble,"1,2,3,4",5,"10,11,12,13,14,15,16",,,
hgbdt_track,streaming_receding_h1,6,7.017242908477783,9.923879623413086,0.8995530348794132,0.9253848195075989,0.8384709358215332,13124.0,11,ensemble,three_seed_prediction_ensemble,"1,2,3,4",5,"10,11,12,13,14,15,16",,,
hgbdt_track,streaming_receding_h1,1,3.4533445835113525,4.883767127990723,0.45681862446298727,0.6710315346717834,0.7997038960456848,14989.0,12,ensemble,three_seed_prediction_ensemble,"1,2,3,4",5,"10,11,12,13,14,15,16",,,
hgbdt_track,streaming_receding_h1,2,4.379899024963379,6.194112777709961,0.7284939182817791,0.8183642029762268,0.8209695816040039,14617.0,12,ensemble,three_seed_prediction_ensemble,"1,2,3,4",5,"10,11,12,13,14,15,16",,,
hgbdt_track,streaming_receding_h1,4,5.868602275848389,8.299456596374512,0.8514768856449578,0.8857904672622681,0.8330572247505188,13879.0,12,ensemble,three_seed_prediction_ensemble,"1,2,3,4",5,"10,11,12,13,14,15,16",,,
hgbdt_track,streaming_receding_h1,6,6.9353861808776855,9.808116912841797,0.8925099220263459,0.9148699045181274,0.8371050357818604,13145.0,12,ensemble,three_seed_prediction_ensemble,"1,2,3,4",5,"10,11,12,13,14,15,16",,,
hgbdt_track,streaming_receding_h1,1,3.7010281085968018,5.234044075012207,0.44550451116678746,0.6716485619544983,0.7836983799934387,14992.0,13,ensemble,three_seed_prediction_ensemble,"1,2,3,4",5,"10,11,12,13,14,15,16",,,
hgbdt_track,streaming_receding_h1,2,4.689507484436035,6.631965160369873,0.7207220133478083,0.8182737231254578,0.8077718019485474,14615.0,13,ensemble,three_seed_prediction_ensemble,"1,2,3,4",5,"10,11,12,13,14,15,16",,,
hgbdt_track,streaming_receding_h1,4,6.19276237487793,8.757887840270996,0.8518208869993039,0.8916956186294556,0.8196630477905273,13864.0,13,ensemble,three_seed_prediction_ensemble,"1,2,3,4",5,"10,11,12,13,14,15,16",,,
hgbdt_track,streaming_receding_h1,6,7.368751525878906,10.420989036560059,0.8919245571663807,0.9198581576347351,0.8228786587715149,13118.0,13,ensemble,three_seed_prediction_ensemble,"1,2,3,4",5,"10,11,12,13,14,15,16",,,
hgbdt_track,streaming_receding_h1,1,3.4899685382843018,4.935561180114746,0.4888636372382702,0.6956537961959839,0.8055593371391296,14994.0,14,ensemble,three_seed_prediction_ensemble,"1,2,3,4",5,"10,11,12,13,14,15,16",,,
hgbdt_track,streaming_receding_h1,2,4.559234142303467,6.447730541229248,0.7352462861695737,0.8201841711997986,0.8202454447746277,14627.0,14,ensemble,three_seed_prediction_ensemble,"1,2,3,4",5,"10,11,12,13,14,15,16",,,
hgbdt_track,streaming_receding_h1,4,6.039999485015869,8.541849136352539,0.8584700897508484,0.8896650075912476,0.8312804102897644,13896.0,14,ensemble,three_seed_prediction_ensemble,"1,2,3,4",5,"10,11,12,13,14,15,16",,,
hgbdt_track,streaming_receding_h1,6,7.169130802154541,10.13868236541748,0.8966079831440051,0.9169760346412659,0.8342568278312683,13166.0,14,ensemble,three_seed_prediction_ensemble,"1,2,3,4",5,"10,11,12,13,14,15,16",,,
hgbdt_track,streaming_receding_h1,1,3.292501211166382,4.656300067901611,0.5329200622153302,0.7298457622528076,0.813196063041687,14983.0,15,ensemble,three_seed_prediction_ensemble,"1,2,3,4",5,"10,11,12,13,14,15,16",,,
hgbdt_track,streaming_receding_h1,2,4.397018909454346,6.218324184417725,0.7531057196790124,0.8343045711517334,0.8249624371528625,14610.0,15,ensemble,three_seed_prediction_ensemble,"1,2,3,4",5,"10,11,12,13,14,15,16",,,
hgbdt_track,streaming_receding_h1,4,6.000331878662109,8.485750198364258,0.8631754333526434,0.899734616279602,0.8316783308982849,13868.0,15,ensemble,three_seed_prediction_ensemble,"1,2,3,4",5,"10,11,12,13,14,15,16",,,
hgbdt_track,streaming_receding_h1,6,7.239686489105225,10.238463401794434,0.8981700741270083,0.9260889887809753,0.8311485648155212,13126.0,15,ensemble,three_seed_prediction_ensemble,"1,2,3,4",5,"10,11,12,13,14,15,16",,,
hgbdt_track,streaming_receding_h1,1,3.2906768321990967,4.653720378875732,0.5213988961729183,0.7248850464820862,0.8168992400169373,14986.0,16,ensemble,three_seed_prediction_ensemble,"1,2,3,4",5,"10,11,12,13,14,15,16",,,
hgbdt_track,streaming_receding_h1,2,4.329305171966553,6.122561931610107,0.7512308303553104,0.8352847099304199,0.8299506306648254,14607.0,16,ensemble,three_seed_prediction_ensemble,"1,2,3,4",5,"10,11,12,13,14,15,16",,,
hgbdt_track,streaming_receding_h1,4,5.8028059005737305,8.206406593322754,0.8657172811305329,0.8980312943458557,0.8387392163276672,13853.0,16,ensemble,three_seed_prediction_ensemble,"1,2,3,4",5,"10,11,12,13,14,15,16",,,
hgbdt_track,streaming_receding_h1,6,6.918308734893799,9.783966064453125,0.901646281585675,0.9234383702278137,0.8400856852531433,13110.0,16,ensemble,three_seed_prediction_ensemble,"1,2,3,4",5,"10,11,12,13,14,15,16",,,
gru_track,streaming_receding_h1,1,3.0771689414978027,4.351774215698242,0.5671376400704935,0.7558196187019348,0.805836021900177,14984.0,10,ensemble,three_seed_prediction_ensemble,"1,2,3,4",5,"10,11,12,13,14,15,16",,,
gru_track,streaming_receding_h1,2,4.388664722442627,6.206509590148926,0.7417977919995339,0.8283611536026001,0.8240823149681091,14610.0,10,ensemble,three_seed_prediction_ensemble,"1,2,3,4",5,"10,11,12,13,14,15,16",,,
gru_track,streaming_receding_h1,4,6.096284866333008,8.621448516845703,0.8520513901318507,0.8945697546005249,0.8303979635238647,13863.0,10,ensemble,three_seed_prediction_ensemble,"1,2,3,4",5,"10,11,12,13,14,15,16",,,
gru_track,streaming_receding_h1,6,7.354647636413574,10.401042938232422,0.8894366068513007,0.925483763217926,0.8268749713897705,13117.0,10,ensemble,three_seed_prediction_ensemble,"1,2,3,4",5,"10,11,12,13,14,15,16",,,
gru_track,streaming_receding_h1,1,3.2830557823181152,4.642941951751709,0.5232279370068781,0.7309725284576416,0.7948604226112366,14994.0,11,ensemble,three_seed_prediction_ensemble,"1,2,3,4",5,"10,11,12,13,14,15,16",,,
gru_track,streaming_receding_h1,2,4.592523574829102,6.494809150695801,0.7198097737801235,0.82355135679245,0.8161939382553101,14618.0,11,ensemble,three_seed_prediction_ensemble,"1,2,3,4",5,"10,11,12,13,14,15,16",,,
gru_track,streaming_receding_h1,4,6.291082382202148,8.896934509277344,0.842147041369179,0.8876828551292419,0.8249587416648865,13870.0,11,ensemble,three_seed_prediction_ensemble,"1,2,3,4",5,"10,11,12,13,14,15,16",,,
gru_track,streaming_receding_h1,6,7.603435039520264,10.752881050109863,0.8820702156379583,0.9172714948654175,0.821654200553894,13124.0,11,ensemble,three_seed_prediction_ensemble,"1,2,3,4",5,"10,11,12,13,14,15,16",,,
gru_track,streaming_receding_h1,1,3.4187095165252686,4.8347859382629395,0.4676595849339299,0.6727983355522156,0.7769257426261902,14989.0,12,ensemble,three_seed_prediction_ensemble,"1,2,3,4",5,"10,11,12,13,14,15,16",,,
gru_track,streaming_receding_h1,2,4.611706256866455,6.521937370300293,0.698994313998621,0.8010638356208801,0.8085717558860779,14617.0,12,ensemble,three_seed_prediction_ensemble,"1,2,3,4",5,"10,11,12,13,14,15,16",,,
gru_track,streaming_receding_h1,4,6.297345161437988,8.905791282653809,0.8289828403623065,0.8714107871055603,0.8208560347557068,13879.0,12,ensemble,three_seed_prediction_ensemble,"1,2,3,4",5,"10,11,12,13,14,15,16",,,
gru_track,streaming_receding_h1,6,7.458574295043945,10.548016548156738,0.8756806544074708,0.9033787250518799,0.8207142949104309,13145.0,12,ensemble,three_seed_prediction_ensemble,"1,2,3,4",5,"10,11,12,13,14,15,16",,,
gru_track,streaming_receding_h1,1,3.7366204261779785,5.284379005432129,0.4347882328599795,0.6605938673019409,0.7517436146736145,14992.0,13,ensemble,three_seed_prediction_ensemble,"1,2,3,4",5,"10,11,12,13,14,15,16",,,
gru_track,streaming_receding_h1,2,5.026008605957031,7.107849597930908,0.6792041821466955,0.7947327494621277,0.782425045967102,14615.0,13,ensemble,three_seed_prediction_ensemble,"1,2,3,4",5,"10,11,12,13,14,15,16",,,
gru_track,streaming_receding_h1,4,6.814950942993164,9.637796401977539,0.8205499173563968,0.8744835257530212,0.7912079691886902,13864.0,13,ensemble,three_seed_prediction_ensemble,"1,2,3,4",5,"10,11,12,13,14,15,16",,,
gru_track,streaming_receding_h1,6,8.202995300292969,11.600787162780762,0.8660680695120855,0.9089735746383667,0.7899585962295532,13118.0,13,ensemble,three_seed_prediction_ensemble,"1,2,3,4",5,"10,11,12,13,14,15,16",,,
gru_track,streaming_receding_h1,1,3.4803452491760254,4.921951770782471,0.49167855877137034,0.6956338882446289,0.777382493019104,14994.0,14,ensemble,three_seed_prediction_ensemble,"1,2,3,4",5,"10,11,12,13,14,15,16",,,
gru_track,streaming_receding_h1,2,4.835421085357666,6.838318347930908,0.7021984744124485,0.8022364377975464,0.8017844557762146,14627.0,14,ensemble,three_seed_prediction_ensemble,"1,2,3,4",5,"10,11,12,13,14,15,16",,,
gru_track,streaming_receding_h1,4,6.545756816864014,9.257097244262695,0.8337758513879164,0.874567449092865,0.811213493347168,13896.0,14,ensemble,three_seed_prediction_ensemble,"1,2,3,4",5,"10,11,12,13,14,15,16",,,
gru_track,streaming_receding_h1,6,7.842315673828125,11.09070873260498,0.8762792305097785,0.9062924981117249,0.8099566698074341,13166.0,14,ensemble,three_seed_prediction_ensemble,"1,2,3,4",5,"10,11,12,13,14,15,16",,,
gru_track,streaming_receding_h1,1,3.2806620597839355,4.639556884765625,0.5362731047383653,0.728848397731781,0.7911286354064941,14983.0,15,ensemble,three_seed_prediction_ensemble,"1,2,3,4",5,"10,11,12,13,14,15,16",,,
gru_track,streaming_receding_h1,2,4.642524719238281,6.565521240234375,0.7247655837464841,0.8220134973526001,0.8115280866622925,14610.0,15,ensemble,three_seed_prediction_ensemble,"1,2,3,4",5,"10,11,12,13,14,15,16",,,
gru_track,streaming_receding_h1,4,6.446577548980713,9.116837501525879,0.8420673296938361,0.8889666199684143,0.8169038891792297,13868.0,15,ensemble,three_seed_prediction_ensemble,"1,2,3,4",5,"10,11,12,13,14,15,16",,,
gru_track,streaming_receding_h1,6,7.838995456695557,11.086012840270996,0.8806130975279107,0.9190398454666138,0.8117721676826477,13126.0,15,ensemble,three_seed_prediction_ensemble,"1,2,3,4",5,"10,11,12,13,14,15,16",,,
gru_track,streaming_receding_h1,1,3.258329391479492,4.607973575592041,0.5307619702694979,0.7242447137832642,0.7929013967514038,14986.0,16,ensemble,three_seed_prediction_ensemble,"1,2,3,4",5,"10,11,12,13,14,15,16",,,
gru_track,streaming_receding_h1,2,4.558650970458984,6.446906089782715,0.7241755060840718,0.8203967213630676,0.8157625198364258,14607.0,16,ensemble,three_seed_prediction_ensemble,"1,2,3,4",5,"10,11,12,13,14,15,16",,,
gru_track,streaming_receding_h1,4,6.245541572570801,8.83253002166748,0.8444449062399244,0.8871604204177856,0.8225418925285339,13853.0,16,ensemble,three_seed_prediction_ensemble,"1,2,3,4",5,"10,11,12,13,14,15,16",,,
gru_track,streaming_receding_h1,6,7.520984172821045,10.63627815246582,0.8837641186262416,0.9157838225364685,0.8185669779777527,13110.0,16,ensemble,three_seed_prediction_ensemble,"1,2,3,4",5,"10,11,12,13,14,15,16",,,
kalmannet,streaming_receding_h1,1,3.3508028984069824,4.73875093460083,0.4867310870571455,0.7293901443481445,0.8688011765480042,14984.0,10,ensemble,three_seed_prediction_ensemble,"1,2,3,4",5,"10,11,12,13,14,15,16",,,
kalmannet,streaming_receding_h1,2,4.796916484832764,6.783864498138428,0.6915253963179958,0.7975935935974121,0.891188383102417,14610.0,10,ensemble,three_seed_prediction_ensemble,"1,2,3,4",5,"10,11,12,13,14,15,16",,,
kalmannet,streaming_receding_h1,4,6.632124900817871,9.379240989685059,0.8249001474707496,0.8606073260307312,0.9049341678619385,13863.0,10,ensemble,three_seed_prediction_ensemble,"1,2,3,4",5,"10,11,12,13,14,15,16",,,
kalmannet,streaming_receding_h1,6,7.729684829711914,10.931425094604492,0.877873148565356,0.8931357860565186,0.9055601358413696,13117.0,10,ensemble,three_seed_prediction_ensemble,"1,2,3,4",5,"10,11,12,13,14,15,16",,,
kalmannet,streaming_receding_h1,1,3.5370466709136963,5.002139091491699,0.44660424561834056,0.7126016020774841,0.8650463223457336,14994.0,11,ensemble,three_seed_prediction_ensemble,"1,2,3,4",5,"10,11,12,13,14,15,16",,,
kalmannet,streaming_receding_h1,2,4.940258979797363,6.986581325531006,0.6757726395954079,0.7980440855026245,0.8913309574127197,14618.0,11,ensemble,three_seed_prediction_ensemble,"1,2,3,4",5,"10,11,12,13,14,15,16",,,
kalmannet,streaming_receding_h1,4,6.652650356292725,9.408268928527832,0.823481019551431,0.8644868731498718,0.9062483310699463,13870.0,11,ensemble,three_seed_prediction_ensemble,"1,2,3,4",5,"10,11,12,13,14,15,16",,,
kalmannet,streaming_receding_h1,6,7.725954532623291,10.926149368286133,0.8782390263585309,0.897418200969696,0.905869722366333,13124.0,11,ensemble,three_seed_prediction_ensemble,"1,2,3,4",5,"10,11,12,13,14,15,16",,,
kalmannet,streaming_receding_h1,1,3.6512928009033203,5.163707733154297,0.3927628234718099,0.6560766696929932,0.8448784947395325,14989.0,12,ensemble,three_seed_prediction_ensemble,"1,2,3,4",5,"10,11,12,13,14,15,16",,,
kalmannet,streaming_receding_h1,2,4.884026527404785,6.9070563316345215,0.6623961039047491,0.7822766304016113,0.8826774954795837,14617.0,12,ensemble,three_seed_prediction_ensemble,"1,2,3,4",5,"10,11,12,13,14,15,16",,,
kalmannet,streaming_receding_h1,4,6.574656009674072,9.297967910766602,0.8135893435203284,0.854906439781189,0.9015166163444519,13879.0,12,ensemble,three_seed_prediction_ensemble,"1,2,3,4",5,"10,11,12,13,14,15,16",,,
kalmannet,streaming_receding_h1,6,7.501347541809082,10.608508110046387,0.8742506734397406,0.8909496665000916,0.9048804640769958,13145.0,12,ensemble,three_seed_prediction_ensemble,"1,2,3,4",5,"10,11,12,13,14,15,16",,,
kalmannet,streaming_receding_h1,1,3.922168254852295,5.546783924102783,0.37726157443112995,0.6554065942764282,0.8319430351257324,14992.0,13,ensemble,three_seed_prediction_ensemble,"1,2,3,4",5,"10,11,12,13,14,15,16",,,
kalmannet,streaming_receding_h1,2,5.215885162353516,7.376375198364258,0.6545078043241077,0.7780026793479919,0.8729144334793091,14615.0,13,ensemble,three_seed_prediction_ensemble,"1,2,3,4",5,"10,11,12,13,14,15,16",,,
kalmannet,streaming_receding_h1,4,6.890606880187988,9.744790077209473,0.816543481028132,0.8554463386535645,0.8906732797622681,13864.0,13,ensemble,three_seed_prediction_ensemble,"1,2,3,4",5,"10,11,12,13,14,15,16",,,
kalmannet,streaming_receding_h1,6,7.946848392486572,11.238540649414062,0.8743017952319592,0.8904154896736145,0.8921006321907043,13118.0,13,ensemble,three_seed_prediction_ensemble,"1,2,3,4",5,"10,11,12,13,14,15,16",,,
kalmannet,streaming_receding_h1,1,3.713334083557129,5.251447677612305,0.42134216760153365,0.6801254749298096,0.853562593460083,14994.0,14,ensemble,three_seed_prediction_ensemble,"1,2,3,4",5,"10,11,12,13,14,15,16",,,
kalmannet,streaming_receding_h1,2,5.154134273529053,7.289046287536621,0.6616472448864081,0.7819894552230835,0.8833051919937134,14627.0,14,ensemble,three_seed_prediction_ensemble,"1,2,3,4",5,"10,11,12,13,14,15,16",,,
kalmannet,streaming_receding_h1,4,6.903860569000244,9.763533592224121,0.8150908270880725,0.8557718992233276,0.9003556370735168,13896.0,14,ensemble,three_seed_prediction_ensemble,"1,2,3,4",5,"10,11,12,13,14,15,16",,,
kalmannet,streaming_receding_h1,6,7.95521879196167,11.250377655029297,0.8726912581299578,0.8895690441131592,0.9015770554542542,13166.0,14,ensemble,three_seed_prediction_ensemble,"1,2,3,4",5,"10,11,12,13,14,15,16",,,
kalmannet,streaming_receding_h1,1,3.521561861038208,4.980240821838379,0.4656695067598243,0.708619236946106,0.862589955329895,14983.0,15,ensemble,three_seed_prediction_ensemble,"1,2,3,4",5,"10,11,12,13,14,15,16",,,
kalmannet,streaming_receding_h1,2,4.971020221710205,7.030084609985352,0.6844374714631174,0.7941534519195557,0.8882014155387878,14610.0,15,ensemble,three_seed_prediction_ensemble,"1,2,3,4",5,"10,11,12,13,14,15,16",,,
kalmannet,streaming_receding_h1,4,6.815940856933594,9.639196395874023,0.8234510328502898,0.864101767539978,0.9019502401351929,13868.0,15,ensemble,three_seed_prediction_ensemble,"1,2,3,4",5,"10,11,12,13,14,15,16",,,
kalmannet,streaming_receding_h1,6,7.905189514160156,11.17962646484375,0.8785883275679323,0.8985167145729065,0.902055025100708,13126.0,15,ensemble,three_seed_prediction_ensemble,"1,2,3,4",5,"10,11,12,13,14,15,16",,,
kalmannet,streaming_receding_h1,1,3.5303757190704346,4.99270486831665,0.44913516218191796,0.7045551538467407,0.867133617401123,14986.0,16,ensemble,three_seed_prediction_ensemble,"1,2,3,4",5,"10,11,12,13,14,15,16",,,
kalmannet,streaming_receding_h1,2,4.925379276275635,6.965538024902344,0.6780121269132446,0.7921932339668274,0.8954198956489563,14607.0,16,ensemble,three_seed_prediction_ensemble,"1,2,3,4",5,"10,11,12,13,14,15,16",,,
kalmannet,streaming_receding_h1,4,6.678099632263184,9.444258689880371,0.8221516634712819,0.8609902262687683,0.9095650911331177,13853.0,16,ensemble,three_seed_prediction_ensemble,"1,2,3,4",5,"10,11,12,13,14,15,16",,,
kalmannet,streaming_receding_h1,6,7.758323669433594,10.97192668914795,0.8763122622404532,0.8896734714508057,0.9100844264030457,13110.0,16,ensemble,three_seed_prediction_ensemble,"1,2,3,4",5,"10,11,12,13,14,15,16",,,
ours_h1_strict,,1,3.1502997074709587,4.455196571845423,0.546318632171372,,,,10,ensemble,frozen_v160,,,,14984.0,0.547135009618453,0.546318632171372
ours_h1_strict,,2,3.8755126729138505,5.480802583183572,0.7986491887354358,,,,10,ensemble,frozen_v160,,,,14610.0,0.7990214329560694,0.7986491887354358
ours_h1_strict,,4,4.756850371674701,6.727202309801861,0.909921870328792,,,,10,ensemble,frozen_v160,,,,13863.0,0.9101281689719912,0.909921870328792
ours_h1_strict,,6,5.42841992369385,7.676945078344165,0.9397669975654735,,,,10,ensemble,frozen_v160,,,,13117.0,0.9399062957779768,0.9397669975654735
ours_h1_strict,,1,3.345690659513342,4.731521106188754,0.5048624479211816,,,,11,ensemble,frozen_v160,,,,14994.0,0.5047231593792811,0.5048624479211816
ours_h1_strict,,2,4.083303255209099,5.774662842798916,0.7785001388966178,,,,11,ensemble,frozen_v160,,,,14618.0,0.778371517438726,0.7785001388966178
ours_h1_strict,,4,4.91777661247781,6.954786382087335,0.903541703827935,,,,11,ensemble,frozen_v160,,,,13870.0,0.9034438612454408,0.903541703827935
ours_h1_strict,,6,5.601906418312418,7.92229203192231,0.9359859160026952,,,,11,ensemble,frozen_v160,,,,13124.0,0.9359404899191668,0.9359859160026952
ours_h1_strict,,1,3.4313823741652456,4.85270749123248,0.463705601504679,,,,12,ensemble,frozen_v160,,,,14989.0,0.4626199502277716,0.463705601504679
ours_h1_strict,,2,4.096608827171105,5.793479763122715,0.7624798558653605,,,,12,ensemble,frozen_v160,,,,14617.0,0.761807406950817,0.7624798558653605
ours_h1_strict,,4,4.983726514567638,7.048053628059948,0.8928892545379516,,,,12,ensemble,frozen_v160,,,,13879.0,0.8923261874473447,0.8928892545379516
ours_h1_strict,,6,5.599395976531835,7.918741731108661,0.9299336604800456,,,,12,ensemble,frozen_v160,,,,13145.0,0.9294493724875664,0.9299336604800456
ours_h1_strict,,1,3.7471825380281634,5.299316365967065,0.4315884057060636,,,,13,ensemble,frozen_v160,,,,14992.0,0.4317315598735139,0.4315884057060636
ours_h1_strict,,2,4.505085988651335,6.371153704807721,0.7422560954753967,,,,13,ensemble,frozen_v160,,,,14615.0,0.7422707846706145,0.7422560954753967
ours_h1_strict,,4,5.326936815624999,7.533426290561421,0.890358933965269,,,,13,ensemble,frozen_v160,,,,13864.0,0.8903826083232906,0.890358933965269
ours_h1_strict,,6,6.063974620954987,8.575755150840791,0.926809630948087,,,,13,ensemble,frozen_v160,,,,13118.0,0.926833010293434,0.926809630948087
ours_h1_strict,,1,3.5066817595479423,4.959196903279048,0.483956320522915,,,,14,ensemble,frozen_v160,,,,14994.0,0.4839390496623408,0.483956320522915
ours_h1_strict,,2,4.336932304583267,6.133348484235659,0.7604348886641744,,,,14,ensemble,frozen_v160,,,,14627.0,0.7604111515612718,0.7604348886641744
ours_h1_strict,,4,5.156049964713813,7.291755788371593,0.8968643846980946,,,,14,ensemble,frozen_v160,,,,13896.0,0.896882171539412,0.8968643846980946
ours_h1_strict,,6,5.827978571084743,8.242006336447814,0.9316733886808248,,,,14,ensemble,frozen_v160,,,,13166.0,0.9316858537675504,0.9316733886808248
ours_h1_strict,,1,3.346695304829134,4.73294188921972,0.5174174231132882,,,,15,ensemble,frozen_v160,,,,14983.0,0.5175059441693877,0.5174174231132882
ours_h1_strict,,2,4.135143870382142,5.847976543858396,0.7816387507855317,,,,15,ensemble,frozen_v160,,,,14610.0,0.7816468789233122,0.7816387507855317
ours_h1_strict,,4,5.044705334791195,7.134290702637613,0.9032869285134392,,,,15,ensemble,frozen_v160,,,,13868.0,0.9032865979309403,0.9032869285134392
ours_h1_strict,,6,5.759150572142116,8.14466884687215,0.9355604124390804,,,,15,ensemble,frozen_v160,,,,13126.0,0.935555612739586,0.9355604124390804
ours_h1_strict,,1,3.346263122639157,4.73233069130524,0.5050932241427674,,,,16,ensemble,frozen_v160,,,,14986.0,0.50509014827544,0.5050932241427674
ours_h1_strict,,2,4.028887001352652,5.697706638581591,0.7845580052707831,,,,16,ensemble,frozen_v160,,,,14607.0,0.7844522139493748,0.7845580052707831
ours_h1_strict,,4,4.843991246434676,6.850438116724472,0.9064269566976564,,,,16,ensemble,frozen_v160,,,,13853.0,0.9063243177110106,0.9064269566976564
ours_h1_strict,,6,5.492200431935496,7.767144338114548,0.9380154288930332,,,,16,ensemble,frozen_v160,,,,13110.0,0.9379240772090804,0.9380154288930332
ours_h6_utility,,1,3.4285536594053685,4.848707084454977,0.4626353422310135,,,,10,ensemble,frozen_v160,,,,14984.0,0.4634495813138213,0.4626353422310135
ours_h6_utility,,2,3.7675277057096976,5.328088778031046,0.8097135033314964,,,,10,ensemble,frozen_v160,,,,14610.0,0.809972855131964,0.8097135033314964
ours_h6_utility,,4,4.194054869844095,5.931289278270445,0.9299757292714528,,,,10,ensemble,frozen_v160,,,,13863.0,0.9301419824900944,0.9299757292714528
ours_h6_utility,,6,4.562067279250159,6.4517374187740995,0.9574586750470996,,,,10,ensemble,frozen_v160,,,,13117.0,0.9575681028029112,0.9574586750470996
ours_h6_utility,,1,3.6425981658875584,5.151411728473546,0.4130828140232908,,,,11,ensemble,frozen_v160,,,,14994.0,0.4128685668634509,0.4130828140232908
ours_h6_utility,,2,3.9851516346503937,5.635855489835896,0.7890206790471302,,,,11,ensemble,frozen_v160,,,,14618.0,0.7888754128220622,0.7890206790471302
ours_h6_utility,,4,4.379612121093949,6.19370685958466,0.9234979117738932,,,,11,ensemble,frozen_v160,,,,13870.0,0.9234029112549388,0.9234979117738932
ours_h6_utility,,6,4.764055281842886,6.737391591477388,0.9537025127147016,,,,11,ensemble,frozen_v160,,,,13124.0,0.9536590195581028,0.9537025127147016
ours_h6_utility,,1,3.7558588487079714,5.311586522201812,0.3574845822286984,,,,12,ensemble,frozen_v160,,,,14989.0,0.3559516112185921,0.3574845822286984
ours_h6_utility,,2,4.001298758174205,5.658690970916585,0.7734033871134565,,,,12,ensemble,frozen_v160,,,,14617.0,0.7727643408289114,0.7734033871134565
ours_h6_utility,,4,4.463532580924911,6.312388312038193,0.9140824160178876,,,,12,ensemble,frozen_v160,,,,13879.0,0.9136439202971474,0.9140824160178876
ours_h6_utility,,6,4.799204551965503,6.787100165992308,0.9485286464487244,,,,12,ensemble,frozen_v160,,,,13145.0,0.9482000742722276,0.9485286464487244
ours_h6_utility,,1,4.108640217418946,5.810494718385415,0.3166401564337228,,,,13,ensemble,frozen_v160,,,,14992.0,0.3169234143394285,0.3166401564337228
ours_h6_utility,,2,4.389195603884869,6.2072599509223485,0.7553461216081698,,,,13,ensemble,frozen_v160,,,,14615.0,0.7553568880890329,0.7553461216081698
ours_h6_utility,,4,4.759208876070326,6.730537738705069,0.9124839535226368,,,,13,ensemble,frozen_v160,,,,13864.0,0.9125047197786764,0.9124839535226368
ours_h6_utility,,6,5.1564016370159225,7.292253128110747,0.9470784370064728,,,,13,ensemble,frozen_v160,,,,13118.0,0.9471004750187404,0.9470784370064728
ours_h6_utility,,1,3.804411041890784,5.380249692283904,0.3926086237377811,,,,14,ensemble,frozen_v160,,,,14994.0,0.392607007270233,0.3926086237377811
ours_h6_utility,,2,4.196066170461798,5.93413368688201,0.7757445839964329,,,,14,ensemble,frozen_v160,,,,14627.0,0.7757113003680574,0.7757445839964329
ours_h6_utility,,4,4.572220307751486,6.466095969379839,0.918898530018158,,,,14,ensemble,frozen_v160,,,,13896.0,0.9189078322260924,0.918898530018158
ours_h6_utility,,6,4.933254937463554,6.976676039204992,0.951042288559271,,,,14,ensemble,frozen_v160,,,,13166.0,0.9510424049832786,0.951042288559271
ours_h6_utility,,1,3.6453479961664095,5.155300575748121,0.4274449141698145,,,,15,ensemble,frozen_v160,,,,14983.0,0.4276191819983277,0.4274449141698145
ours_h6_utility,,2,4.012654349437484,5.674750202089879,0.7943835654145739,,,,15,ensemble,frozen_v160,,,,14610.0,0.7943968904661118,0.7943835654145739
ours_h6_utility,,4,4.463155504736202,6.311855045778072,0.9242996990642124,,,,15,ensemble,frozen_v160,,,,13868.0,0.92430252571407,0.9242996990642124
ours_h6_utility,,6,4.844477378616041,6.851125611448465,0.9544036844843612,,,,15,ensemble,frozen_v160,,,,13126.0,0.95440025689131,0.9544036844843612
ours_h6_utility,,1,3.662850381575651,5.180052686567752,0.4070179003031379,,,,16,ensemble,frozen_v160,,,,14986.0,0.4070131175542056,0.4070179003031379
ours_h6_utility,,2,3.9501386488368295,5.586339650439177,0.792897726344781,,,,16,ensemble,frozen_v160,,,,14607.0,0.792788189755503,0.792897726344781
ours_h6_utility,,4,4.335811856419381,6.131763931246357,0.9250304485673932,,,,16,ensemble,frozen_v160,,,,13853.0,0.924935661682598,0.9250304485673932
ours_h6_utility,,6,4.677270547949145,6.614659443797918,0.9550452250611003,,,,16,ensemble,frozen_v160,,,,13110.0,0.9549724084802264,0.9550452250611003
