test_movie,control,objective,packet,horizon,windows,component_rmse,vector_rmse,component_r2,vector_r2,r2,baseline_component_rmse,baseline_vector_rmse,baseline_component_r2,baseline_vector_r2,baseline_r2,component_rmse_delta,rmse_improvement_percent,selected_alpha,selected_bound_px,validation_score,contract,objective_name,fit_scope,fit_movies,validation_movie,train_movies,protocol,outer_test_used_for_fit_or_selection,test_key_sha256,test_target_sha256,test_row_target_sha256,source_path,source_sha256
1,real,h1_strict,update_only,1,14446,3.4419945982435625,4.8677154424509785,0.4868000839763129,0.4880033618416765,0.4880033618416765,3.439468548617472,4.864143068810534,0.4874130805858273,0.488754585760313,0.488754585760313,-0.0025260496260903,-0.0734430215128946,1.0,1.5,0.9781500437144456,streaming_receding_h1,h1_strict,train_only,"3,4,5,6",2,"3,4,5,6",strict_fold_local_streaming,False,b53e0ca7940aa3bdba987cf9284ee05c48e03d6985f799e3a7a8cab6184f84e5,48cad6179642b17deb66c9fd27a8304219f5e34e1535702e6b35a38798007dc8,8886a6caf28e95c9dff5e51fe794287c1157a00ed17f4a09704410232da78fe9,<AIRI_SOURCE_ROOT>/outputs/lachance_v166_fit_scope_audit_v189_2026-07-29/v189_fit_scope_metrics.csv,289fdd6ef380f243d11dad9cb21190e5f41416b7282dea60a7a4403319e1f0e3
1,real,h1_strict,update_only,2,14078,4.2981130133983765,6.078449716160276,0.7521029781237225,0.7532905606462807,0.7532905606462807,4.654817774545505,6.582906427137599,0.709101066973369,0.7106420137563161,0.7106420137563161,0.3567047611471281,7.6631305117407456,1.0,1.5,0.9781500437144456,streaming_receding_h1,h1_strict,train_only,"3,4,5,6",2,"3,4,5,6",strict_fold_local_streaming,False,b53e0ca7940aa3bdba987cf9284ee05c48e03d6985f799e3a7a8cab6184f84e5,48cad6179642b17deb66c9fd27a8304219f5e34e1535702e6b35a38798007dc8,8886a6caf28e95c9dff5e51fe794287c1157a00ed17f4a09704410232da78fe9,<AIRI_SOURCE_ROOT>/outputs/lachance_v166_fit_scope_audit_v189_2026-07-29/v189_fit_scope_metrics.csv,289fdd6ef380f243d11dad9cb21190e5f41416b7282dea60a7a4403319e1f0e3
1,real,h1_strict,update_only,4,13348,5.7168688880754805,8.08487351582514,0.866202730493635,0.8671888278780587,0.8671888278780587,6.56971205285295,9.290975886030628,0.8231253778816919,0.8246075819804406,0.8246075819804406,0.852843164777469,12.981439032889046,1.0,1.5,0.9781500437144456,streaming_receding_h1,h1_strict,train_only,"3,4,5,6",2,"3,4,5,6",strict_fold_local_streaming,False,b53e0ca7940aa3bdba987cf9284ee05c48e03d6985f799e3a7a8cab6184f84e5,48cad6179642b17deb66c9fd27a8304219f5e34e1535702e6b35a38798007dc8,8886a6caf28e95c9dff5e51fe794287c1157a00ed17f4a09704410232da78fe9,<AIRI_SOURCE_ROOT>/outputs/lachance_v166_fit_scope_audit_v189_2026-07-29/v189_fit_scope_metrics.csv,289fdd6ef380f243d11dad9cb21190e5f41416b7282dea60a7a4403319e1f0e3
1,real,h1_strict,update_only,6,12627,6.754627904142802,9.552486390822503,0.902467699600117,0.9032458764239976,0.9032458764239976,7.968048500592912,11.2685222551851,0.86409412950239,0.8653610978960501,0.8653610978960501,1.21342059645011,15.22857944903094,1.0,1.5,0.9781500437144456,streaming_receding_h1,h1_strict,train_only,"3,4,5,6",2,"3,4,5,6",strict_fold_local_streaming,False,b53e0ca7940aa3bdba987cf9284ee05c48e03d6985f799e3a7a8cab6184f84e5,48cad6179642b17deb66c9fd27a8304219f5e34e1535702e6b35a38798007dc8,8886a6caf28e95c9dff5e51fe794287c1157a00ed17f4a09704410232da78fe9,<AIRI_SOURCE_ROOT>/outputs/lachance_v166_fit_scope_audit_v189_2026-07-29/v189_fit_scope_metrics.csv,289fdd6ef380f243d11dad9cb21190e5f41416b7282dea60a7a4403319e1f0e3
1,real,h1_strict,update_only,1,14446,3.4381236840447773,4.862241143092273,0.48800869602978,0.4891543111338372,0.4891543111338372,3.439468548617472,4.864143068810534,0.4874130805858273,0.488754585760313,0.488754585760313,0.0013448645726947,0.0391009411391583,1.0,1.5,0.9781500437144456,streaming_receding_h1,h1_strict,train_plus_validation,"3,4,5,6,2",2,"3,4,5,6",strict_fold_local_streaming,False,b53e0ca7940aa3bdba987cf9284ee05c48e03d6985f799e3a7a8cab6184f84e5,48cad6179642b17deb66c9fd27a8304219f5e34e1535702e6b35a38798007dc8,8886a6caf28e95c9dff5e51fe794287c1157a00ed17f4a09704410232da78fe9,<AIRI_SOURCE_ROOT>/outputs/lachance_v166_fit_scope_audit_v189_2026-07-29/v189_fit_scope_metrics.csv,289fdd6ef380f243d11dad9cb21190e5f41416b7282dea60a7a4403319e1f0e3
1,real,h1_strict,update_only,2,14078,4.3079054916234805,6.092298371675462,0.7510000758134412,0.752165113782198,0.752165113782198,4.654817774545505,6.582906427137599,0.709101066973369,0.7106420137563161,0.7106420137563161,0.3469122829220241,7.452757545506635,1.0,1.5,0.9781500437144456,streaming_receding_h1,h1_strict,train_plus_validation,"3,4,5,6,2",2,"3,4,5,6",strict_fold_local_streaming,False,b53e0ca7940aa3bdba987cf9284ee05c48e03d6985f799e3a7a8cab6184f84e5,48cad6179642b17deb66c9fd27a8304219f5e34e1535702e6b35a38798007dc8,8886a6caf28e95c9dff5e51fe794287c1157a00ed17f4a09704410232da78fe9,<AIRI_SOURCE_ROOT>/outputs/lachance_v166_fit_scope_audit_v189_2026-07-29/v189_fit_scope_metrics.csv,289fdd6ef380f243d11dad9cb21190e5f41416b7282dea60a7a4403319e1f0e3
1,real,h1_strict,update_only,4,13348,5.736775507730594,8.113025727322405,0.8653214686401403,0.8662622981479071,0.8662622981479071,6.56971205285295,9.290975886030628,0.8231253778816919,0.8246075819804406,0.8246075819804406,0.8329365451223554,12.67843306405866,1.0,1.5,0.9781500437144456,streaming_receding_h1,h1_strict,train_plus_validation,"3,4,5,6,2",2,"3,4,5,6",strict_fold_local_streaming,False,b53e0ca7940aa3bdba987cf9284ee05c48e03d6985f799e3a7a8cab6184f84e5,48cad6179642b17deb66c9fd27a8304219f5e34e1535702e6b35a38798007dc8,8886a6caf28e95c9dff5e51fe794287c1157a00ed17f4a09704410232da78fe9,<AIRI_SOURCE_ROOT>/outputs/lachance_v166_fit_scope_audit_v189_2026-07-29/v189_fit_scope_metrics.csv,289fdd6ef380f243d11dad9cb21190e5f41416b7282dea60a7a4403319e1f0e3
1,real,h1_strict,update_only,6,12627,6.782919763333693,9.592497121795011,0.9017097471968908,0.9024336668387228,0.9024336668387228,7.968048500592912,11.2685222551851,0.86409412950239,0.8653610978960501,0.8653610978960501,1.1851287372592187,14.873513096350154,1.0,1.5,0.9781500437144456,streaming_receding_h1,h1_strict,train_plus_validation,"3,4,5,6,2",2,"3,4,5,6",strict_fold_local_streaming,False,b53e0ca7940aa3bdba987cf9284ee05c48e03d6985f799e3a7a8cab6184f84e5,48cad6179642b17deb66c9fd27a8304219f5e34e1535702e6b35a38798007dc8,8886a6caf28e95c9dff5e51fe794287c1157a00ed17f4a09704410232da78fe9,<AIRI_SOURCE_ROOT>/outputs/lachance_v166_fit_scope_audit_v189_2026-07-29/v189_fit_scope_metrics.csv,289fdd6ef380f243d11dad9cb21190e5f41416b7282dea60a7a4403319e1f0e3
1,real,h1_strict,update_only,1,14446,3.675381747108739,5.197774713659701,0.4143791491795608,0.4162167246237078,0.4162167246237078,3.439468548617472,4.864143068810534,0.4874130805858273,0.488754585760313,0.488754585760313,-0.2359131984912674,-6.859001475274286,3000.0,3.0,0.7882549400510628,streaming_receding_h1,h6_guard10,train_only,"3,4,5,6",2,"3,4,5,6",strict_fold_local_streaming,False,b53e0ca7940aa3bdba987cf9284ee05c48e03d6985f799e3a7a8cab6184f84e5,48cad6179642b17deb66c9fd27a8304219f5e34e1535702e6b35a38798007dc8,8886a6caf28e95c9dff5e51fe794287c1157a00ed17f4a09704410232da78fe9,<AIRI_SOURCE_ROOT>/outputs/lachance_v166_fit_scope_audit_v189_2026-07-29/v189_fit_scope_metrics.csv,289fdd6ef380f243d11dad9cb21190e5f41416b7282dea60a7a4403319e1f0e3
1,real,h1_strict,update_only,2,14078,4.124026546394692,5.83225427349805,0.7715846600817717,0.7728707798978217,0.7728707798978217,4.654817774545505,6.582906427137599,0.709101066973369,0.7106420137563161,0.7106420137563161,0.5307912281508127,11.403050642570838,3000.0,3.0,0.7882549400510628,streaming_receding_h1,h6_guard10,train_only,"3,4,5,6",2,"3,4,5,6",strict_fold_local_streaming,False,b53e0ca7940aa3bdba987cf9284ee05c48e03d6985f799e3a7a8cab6184f84e5,48cad6179642b17deb66c9fd27a8304219f5e34e1535702e6b35a38798007dc8,8886a6caf28e95c9dff5e51fe794287c1157a00ed17f4a09704410232da78fe9,<AIRI_SOURCE_ROOT>/outputs/lachance_v166_fit_scope_audit_v189_2026-07-29/v189_fit_scope_metrics.csv,289fdd6ef380f243d11dad9cb21190e5f41416b7282dea60a7a4403319e1f0e3
1,real,h1_strict,update_only,4,13348,5.100428459129435,7.213095100814554,0.8933620606443924,0.89428625313912,0.89428625313912,6.56971205285295,9.290975886030628,0.8231253778816919,0.8246075819804406,0.8246075819804406,1.4692835937235147,22.364505200581306,3000.0,3.0,0.7882549400510628,streaming_receding_h1,h6_guard10,train_only,"3,4,5,6",2,"3,4,5,6",strict_fold_local_streaming,False,b53e0ca7940aa3bdba987cf9284ee05c48e03d6985f799e3a7a8cab6184f84e5,48cad6179642b17deb66c9fd27a8304219f5e34e1535702e6b35a38798007dc8,8886a6caf28e95c9dff5e51fe794287c1157a00ed17f4a09704410232da78fe9,<AIRI_SOURCE_ROOT>/outputs/lachance_v166_fit_scope_audit_v189_2026-07-29/v189_fit_scope_metrics.csv,289fdd6ef380f243d11dad9cb21190e5f41416b7282dea60a7a4403319e1f0e3
1,real,h1_strict,update_only,6,12627,5.813542178811367,8.221590194703067,0.9276915067620184,0.9283282053601918,0.9283282053601918,7.968048500592912,11.2685222551851,0.86409412950239,0.8653610978960501,0.8653610978960501,2.154506321781545,27.03932238390901,3000.0,3.0,0.7882549400510628,streaming_receding_h1,h6_guard10,train_only,"3,4,5,6",2,"3,4,5,6",strict_fold_local_streaming,False,b53e0ca7940aa3bdba987cf9284ee05c48e03d6985f799e3a7a8cab6184f84e5,48cad6179642b17deb66c9fd27a8304219f5e34e1535702e6b35a38798007dc8,8886a6caf28e95c9dff5e51fe794287c1157a00ed17f4a09704410232da78fe9,<AIRI_SOURCE_ROOT>/outputs/lachance_v166_fit_scope_audit_v189_2026-07-29/v189_fit_scope_metrics.csv,289fdd6ef380f243d11dad9cb21190e5f41416b7282dea60a7a4403319e1f0e3
1,real,h1_strict,update_only,1,14446,3.665174707722675,5.18333978012825,0.4177044625504001,0.4194547147057964,0.4194547147057964,3.439468548617472,4.864143068810534,0.4874130805858273,0.488754585760313,0.488754585760313,-0.2257061591052029,-6.562239366774491,3000.0,3.0,0.7882549400510628,streaming_receding_h1,h6_guard10,train_plus_validation,"3,4,5,6,2",2,"3,4,5,6",strict_fold_local_streaming,False,b53e0ca7940aa3bdba987cf9284ee05c48e03d6985f799e3a7a8cab6184f84e5,48cad6179642b17deb66c9fd27a8304219f5e34e1535702e6b35a38798007dc8,8886a6caf28e95c9dff5e51fe794287c1157a00ed17f4a09704410232da78fe9,<AIRI_SOURCE_ROOT>/outputs/lachance_v166_fit_scope_audit_v189_2026-07-29/v189_fit_scope_metrics.csv,289fdd6ef380f243d11dad9cb21190e5f41416b7282dea60a7a4403319e1f0e3
1,real,h1_strict,update_only,2,14078,4.1203133366111775,5.827003001862266,0.7720250027182267,0.7732796030468789,0.7732796030468789,4.654817774545505,6.582906427137599,0.709101066973369,0.7106420137563161,0.7106420137563161,0.5345044379343271,11.482821966892486,3000.0,3.0,0.7882549400510628,streaming_receding_h1,h6_guard10,train_plus_validation,"3,4,5,6,2",2,"3,4,5,6",strict_fold_local_streaming,False,b53e0ca7940aa3bdba987cf9284ee05c48e03d6985f799e3a7a8cab6184f84e5,48cad6179642b17deb66c9fd27a8304219f5e34e1535702e6b35a38798007dc8,8886a6caf28e95c9dff5e51fe794287c1157a00ed17f4a09704410232da78fe9,<AIRI_SOURCE_ROOT>/outputs/lachance_v166_fit_scope_audit_v189_2026-07-29/v189_fit_scope_metrics.csv,289fdd6ef380f243d11dad9cb21190e5f41416b7282dea60a7a4403319e1f0e3
1,real,h1_strict,update_only,4,13348,5.0937057546090685,7.203587760906025,0.8936788244208831,0.8945647450055497,0.8945647450055497,6.56971205285295,9.290975886030628,0.8231253778816919,0.8246075819804406,0.8246075819804406,1.476006298243881,22.46683395511853,3000.0,3.0,0.7882549400510628,streaming_receding_h1,h6_guard10,train_plus_validation,"3,4,5,6,2",2,"3,4,5,6",strict_fold_local_streaming,False,b53e0ca7940aa3bdba987cf9284ee05c48e03d6985f799e3a7a8cab6184f84e5,48cad6179642b17deb66c9fd27a8304219f5e34e1535702e6b35a38798007dc8,8886a6caf28e95c9dff5e51fe794287c1157a00ed17f4a09704410232da78fe9,<AIRI_SOURCE_ROOT>/outputs/lachance_v166_fit_scope_audit_v189_2026-07-29/v189_fit_scope_metrics.csv,289fdd6ef380f243d11dad9cb21190e5f41416b7282dea60a7a4403319e1f0e3
1,real,h1_strict,update_only,6,12627,5.806996849974077,8.21233370189118,0.927888443512174,0.9284895016463062,0.9284895016463062,7.968048500592912,11.2685222551851,0.86409412950239,0.8653610978960501,0.8653610978960501,2.161051650618835,27.121467075131743,3000.0,3.0,0.7882549400510628,streaming_receding_h1,h6_guard10,train_plus_validation,"3,4,5,6,2",2,"3,4,5,6",strict_fold_local_streaming,False,b53e0ca7940aa3bdba987cf9284ee05c48e03d6985f799e3a7a8cab6184f84e5,48cad6179642b17deb66c9fd27a8304219f5e34e1535702e6b35a38798007dc8,8886a6caf28e95c9dff5e51fe794287c1157a00ed17f4a09704410232da78fe9,<AIRI_SOURCE_ROOT>/outputs/lachance_v166_fit_scope_audit_v189_2026-07-29/v189_fit_scope_metrics.csv,289fdd6ef380f243d11dad9cb21190e5f41416b7282dea60a7a4403319e1f0e3
2,real,h1_strict,update_only,1,13633,3.0925404484299803,4.373512644357051,0.5099335552947013,0.5100398882390381,0.5100398882390381,3.0963014977109995,4.378831571259022,0.5087787008414699,0.5088474157638294,0.5088474157638294,0.0037610492810191,0.1214690909073162,10.0,1.0,0.9876536481702504,streaming_receding_h1,h1_strict,train_only,"1,4,5,6",3,"1,4,5,6",strict_fold_local_streaming,False,3d09e66ccee114c57b5117b2c0602a0de41873e22b70df48647aa81867055c10,be7db857f8e3aa2001d4fb0f2162d1260806699db26599e6d09187b9258065fb,dd3f6945df07272179233657034deae95517ff7563829b524604847b5f8dd56c,<AIRI_SOURCE_ROOT>/outputs/lachance_v166_fit_scope_audit_v189_2026-07-29/v189_fit_scope_metrics.csv,289fdd6ef380f243d11dad9cb21190e5f41416b7282dea60a7a4403319e1f0e3
2,real,h1_strict,update_only,2,13298,3.935576793817627,5.56574607757771,0.7558612348555176,0.7560625395497607,0.7560625395497607,4.14208300965924,5.857789968735265,0.7297402724068278,0.7297913097623758,0.7297913097623758,0.2065062158416131,4.985564397431086,10.0,1.0,0.9876536481702504,streaming_receding_h1,h1_strict,train_only,"1,4,5,6",3,"1,4,5,6",strict_fold_local_streaming,False,3d09e66ccee114c57b5117b2c0602a0de41873e22b70df48647aa81867055c10,be7db857f8e3aa2001d4fb0f2162d1260806699db26599e6d09187b9258065fb,dd3f6945df07272179233657034deae95517ff7563829b524604847b5f8dd56c,<AIRI_SOURCE_ROOT>/outputs/lachance_v166_fit_scope_audit_v189_2026-07-29/v189_fit_scope_metrics.csv,289fdd6ef380f243d11dad9cb21190e5f41416b7282dea60a7a4403319e1f0e3
2,real,h1_strict,update_only,4,12631,5.247152042495909,7.420593582331401,0.8656256007215204,0.8658146036704619,0.8658146036704619,5.742869560830659,8.121644019866338,0.8392841897749787,0.8392629992518919,0.8392629992518919,0.4957175183347502,8.631878420429398,10.0,1.0,0.9876536481702504,streaming_receding_h1,h1_strict,train_only,"1,4,5,6",3,"1,4,5,6",strict_fold_local_streaming,False,3d09e66ccee114c57b5117b2c0602a0de41873e22b70df48647aa81867055c10,be7db857f8e3aa2001d4fb0f2162d1260806699db26599e6d09187b9258065fb,dd3f6945df07272179233657034deae95517ff7563829b524604847b5f8dd56c,<AIRI_SOURCE_ROOT>/outputs/lachance_v166_fit_scope_audit_v189_2026-07-29/v189_fit_scope_metrics.csv,289fdd6ef380f243d11dad9cb21190e5f41416b7282dea60a7a4403319e1f0e3
2,real,h1_strict,update_only,6,11967,6.290175652167089,8.895651717003725,0.8967401716186447,0.8970729859364497,0.8970729859364497,6.947797820432563,9.82566990628196,0.8743591612530991,0.8744264501072796,0.8744264501072796,0.6576221682654744,9.465188614606683,10.0,1.0,0.9876536481702504,streaming_receding_h1,h1_strict,train_only,"1,4,5,6",3,"1,4,5,6",strict_fold_local_streaming,False,3d09e66ccee114c57b5117b2c0602a0de41873e22b70df48647aa81867055c10,be7db857f8e3aa2001d4fb0f2162d1260806699db26599e6d09187b9258065fb,dd3f6945df07272179233657034deae95517ff7563829b524604847b5f8dd56c,<AIRI_SOURCE_ROOT>/outputs/lachance_v166_fit_scope_audit_v189_2026-07-29/v189_fit_scope_metrics.csv,289fdd6ef380f243d11dad9cb21190e5f41416b7282dea60a7a4403319e1f0e3
2,real,h1_strict,update_only,1,13633,3.090834788809674,4.371100477389222,0.5104845091422887,0.5105802043511312,0.5105802043511312,3.0963014977109995,4.378831571259022,0.5087787008414699,0.5088474157638294,0.5088474157638294,0.0054667089013253,0.1765560913679355,10.0,1.0,0.9876536481702504,streaming_receding_h1,h1_strict,train_plus_validation,"1,4,5,6,3",3,"1,4,5,6",strict_fold_local_streaming,False,3d09e66ccee114c57b5117b2c0602a0de41873e22b70df48647aa81867055c10,be7db857f8e3aa2001d4fb0f2162d1260806699db26599e6d09187b9258065fb,dd3f6945df07272179233657034deae95517ff7563829b524604847b5f8dd56c,<AIRI_SOURCE_ROOT>/outputs/lachance_v166_fit_scope_audit_v189_2026-07-29/v189_fit_scope_metrics.csv,289fdd6ef380f243d11dad9cb21190e5f41416b7282dea60a7a4403319e1f0e3
2,real,h1_strict,update_only,2,13298,3.916752397827071,5.539124361464385,0.758206796357864,0.7583905303744415,0.7583905303744415,4.14208300965924,5.857789968735265,0.7297402724068278,0.7297913097623758,0.7297913097623758,0.2253306118321685,5.4400312911813415,10.0,1.0,0.9876536481702504,streaming_receding_h1,h1_strict,train_plus_validation,"1,4,5,6,3",3,"1,4,5,6",strict_fold_local_streaming,False,3d09e66ccee114c57b5117b2c0602a0de41873e22b70df48647aa81867055c10,be7db857f8e3aa2001d4fb0f2162d1260806699db26599e6d09187b9258065fb,dd3f6945df07272179233657034deae95517ff7563829b524604847b5f8dd56c,<AIRI_SOURCE_ROOT>/outputs/lachance_v166_fit_scope_audit_v189_2026-07-29/v189_fit_scope_metrics.csv,289fdd6ef380f243d11dad9cb21190e5f41416b7282dea60a7a4403319e1f0e3
2,real,h1_strict,update_only,4,12631,5.208253619820142,7.36558290542841,0.8676173824182196,0.867796727738501,0.867796727738501,5.742869560830659,8.121644019866338,0.8392841897749787,0.8392629992518919,0.8392629992518919,0.5346159410105171,9.309212674041463,10.0,1.0,0.9876536481702504,streaming_receding_h1,h1_strict,train_plus_validation,"1,4,5,6,3",3,"1,4,5,6",strict_fold_local_streaming,False,3d09e66ccee114c57b5117b2c0602a0de41873e22b70df48647aa81867055c10,be7db857f8e3aa2001d4fb0f2162d1260806699db26599e6d09187b9258065fb,dd3f6945df07272179233657034deae95517ff7563829b524604847b5f8dd56c,<AIRI_SOURCE_ROOT>/outputs/lachance_v166_fit_scope_audit_v189_2026-07-29/v189_fit_scope_metrics.csv,289fdd6ef380f243d11dad9cb21190e5f41416b7282dea60a7a4403319e1f0e3
2,real,h1_strict,update_only,6,11967,6.222375293417041,8.799767530125647,0.8989615303652172,0.8992798809740706,0.8992798809740706,6.947797820432563,9.82566990628196,0.8743591612530991,0.8744264501072796,0.8744264501072796,0.7254225270155219,10.44104255426301,10.0,1.0,0.9876536481702504,streaming_receding_h1,h1_strict,train_plus_validation,"1,4,5,6,3",3,"1,4,5,6",strict_fold_local_streaming,False,3d09e66ccee114c57b5117b2c0602a0de41873e22b70df48647aa81867055c10,be7db857f8e3aa2001d4fb0f2162d1260806699db26599e6d09187b9258065fb,dd3f6945df07272179233657034deae95517ff7563829b524604847b5f8dd56c,<AIRI_SOURCE_ROOT>/outputs/lachance_v166_fit_scope_audit_v189_2026-07-29/v189_fit_scope_metrics.csv,289fdd6ef380f243d11dad9cb21190e5f41416b7282dea60a7a4403319e1f0e3
2,real,h1_strict,update_only,1,13633,3.478493516585976,4.919332707782768,0.3801843447983484,0.3801132631644813,0.3801132631644813,3.0963014977109995,4.378831571259022,0.5087787008414699,0.5088474157638294,0.5088474157638294,-0.3821920188749765,-12.343501405064051,30.0,4.0,0.7614652503682233,streaming_receding_h1,h6_guard10,train_only,"1,4,5,6",3,"1,4,5,6",strict_fold_local_streaming,False,3d09e66ccee114c57b5117b2c0602a0de41873e22b70df48647aa81867055c10,be7db857f8e3aa2001d4fb0f2162d1260806699db26599e6d09187b9258065fb,dd3f6945df07272179233657034deae95517ff7563829b524604847b5f8dd56c,<AIRI_SOURCE_ROOT>/outputs/lachance_v166_fit_scope_audit_v189_2026-07-29/v189_fit_scope_metrics.csv,289fdd6ef380f243d11dad9cb21190e5f41416b7282dea60a7a4403319e1f0e3
2,real,h1_strict,update_only,2,13298,3.6962557207310662,5.227294970257014,0.7846505797450901,0.7848280104839259,0.7848280104839259,4.14208300965924,5.857789968735265,0.7297402724068278,0.7297913097623758,0.7297913097623758,0.4458272889281738,10.763359591985845,30.0,4.0,0.7614652503682233,streaming_receding_h1,h6_guard10,train_only,"1,4,5,6",3,"1,4,5,6",strict_fold_local_streaming,False,3d09e66ccee114c57b5117b2c0602a0de41873e22b70df48647aa81867055c10,be7db857f8e3aa2001d4fb0f2162d1260806699db26599e6d09187b9258065fb,dd3f6945df07272179233657034deae95517ff7563829b524604847b5f8dd56c,<AIRI_SOURCE_ROOT>/outputs/lachance_v166_fit_scope_audit_v189_2026-07-29/v189_fit_scope_metrics.csv,289fdd6ef380f243d11dad9cb21190e5f41416b7282dea60a7a4403319e1f0e3
2,real,h1_strict,update_only,4,12631,4.344834866383933,6.144524394311653,0.90783926484284,0.9079964667776904,0.9079964667776904,5.742869560830659,8.121644019866338,0.8392841897749787,0.8392629992518919,0.8392629992518919,1.398034694446726,24.34383507475158,30.0,4.0,0.7614652503682233,streaming_receding_h1,h6_guard10,train_only,"1,4,5,6",3,"1,4,5,6",strict_fold_local_streaming,False,3d09e66ccee114c57b5117b2c0602a0de41873e22b70df48647aa81867055c10,be7db857f8e3aa2001d4fb0f2162d1260806699db26599e6d09187b9258065fb,dd3f6945df07272179233657034deae95517ff7563829b524604847b5f8dd56c,<AIRI_SOURCE_ROOT>/outputs/lachance_v166_fit_scope_audit_v189_2026-07-29/v189_fit_scope_metrics.csv,289fdd6ef380f243d11dad9cb21190e5f41416b7282dea60a7a4403319e1f0e3
2,real,h1_strict,update_only,6,11967,4.919575318693081,6.957330136811696,0.9368083607895727,0.9370408210806552,0.9370408210806552,6.947797820432563,9.82566990628196,0.8743591612530991,0.8744264501072796,0.8744264501072796,2.0282225017394824,29.192307464312588,30.0,4.0,0.7614652503682233,streaming_receding_h1,h6_guard10,train_only,"1,4,5,6",3,"1,4,5,6",strict_fold_local_streaming,False,3d09e66ccee114c57b5117b2c0602a0de41873e22b70df48647aa81867055c10,be7db857f8e3aa2001d4fb0f2162d1260806699db26599e6d09187b9258065fb,dd3f6945df07272179233657034deae95517ff7563829b524604847b5f8dd56c,<AIRI_SOURCE_ROOT>/outputs/lachance_v166_fit_scope_audit_v189_2026-07-29/v189_fit_scope_metrics.csv,289fdd6ef380f243d11dad9cb21190e5f41416b7282dea60a7a4403319e1f0e3
2,real,h1_strict,update_only,1,13633,3.481854365913384,4.92408566648268,0.3789300388114778,0.3789148407119195,0.3789148407119195,3.0963014977109995,4.378831571259022,0.5087787008414699,0.5088474157638294,0.5088474157638294,-0.3855528682023843,-12.45204539956499,30.0,4.0,0.7614652503682233,streaming_receding_h1,h6_guard10,train_plus_validation,"1,4,5,6,3",3,"1,4,5,6",strict_fold_local_streaming,False,3d09e66ccee114c57b5117b2c0602a0de41873e22b70df48647aa81867055c10,be7db857f8e3aa2001d4fb0f2162d1260806699db26599e6d09187b9258065fb,dd3f6945df07272179233657034deae95517ff7563829b524604847b5f8dd56c,<AIRI_SOURCE_ROOT>/outputs/lachance_v166_fit_scope_audit_v189_2026-07-29/v189_fit_scope_metrics.csv,289fdd6ef380f243d11dad9cb21190e5f41416b7282dea60a7a4403319e1f0e3
2,real,h1_strict,update_only,2,13298,3.680355088531616,5.204808080550245,0.7865138959972466,0.7866752915488631,0.7866752915488631,4.14208300965924,5.857789968735265,0.7297402724068278,0.7297913097623758,0.7297913097623758,0.4617279211276237,11.147239687154627,30.0,4.0,0.7614652503682233,streaming_receding_h1,h6_guard10,train_plus_validation,"1,4,5,6,3",3,"1,4,5,6",strict_fold_local_streaming,False,3d09e66ccee114c57b5117b2c0602a0de41873e22b70df48647aa81867055c10,be7db857f8e3aa2001d4fb0f2162d1260806699db26599e6d09187b9258065fb,dd3f6945df07272179233657034deae95517ff7563829b524604847b5f8dd56c,<AIRI_SOURCE_ROOT>/outputs/lachance_v166_fit_scope_audit_v189_2026-07-29/v189_fit_scope_metrics.csv,289fdd6ef380f243d11dad9cb21190e5f41416b7282dea60a7a4403319e1f0e3
2,real,h1_strict,update_only,4,12631,4.302207095160666,6.084239622113971,0.9096598458408848,0.9097929292482084,0.9097929292482084,5.742869560830659,8.121644019866338,0.8392841897749787,0.8392629992518919,0.8392629992518919,1.440662465669993,25.086108093000338,30.0,4.0,0.7614652503682233,streaming_receding_h1,h6_guard10,train_plus_validation,"1,4,5,6,3",3,"1,4,5,6",strict_fold_local_streaming,False,3d09e66ccee114c57b5117b2c0602a0de41873e22b70df48647aa81867055c10,be7db857f8e3aa2001d4fb0f2162d1260806699db26599e6d09187b9258065fb,dd3f6945df07272179233657034deae95517ff7563829b524604847b5f8dd56c,<AIRI_SOURCE_ROOT>/outputs/lachance_v166_fit_scope_audit_v189_2026-07-29/v189_fit_scope_metrics.csv,289fdd6ef380f243d11dad9cb21190e5f41416b7282dea60a7a4403319e1f0e3
2,real,h1_strict,update_only,6,11967,4.833106424001699,6.835044653215733,0.9390415871546,0.9392345743815272,0.9392345743815272,6.947797820432563,9.82566990628196,0.8743591612530991,0.8744264501072796,0.8744264501072796,2.114691396430864,30.436858571385503,30.0,4.0,0.7614652503682233,streaming_receding_h1,h6_guard10,train_plus_validation,"1,4,5,6,3",3,"1,4,5,6",strict_fold_local_streaming,False,3d09e66ccee114c57b5117b2c0602a0de41873e22b70df48647aa81867055c10,be7db857f8e3aa2001d4fb0f2162d1260806699db26599e6d09187b9258065fb,dd3f6945df07272179233657034deae95517ff7563829b524604847b5f8dd56c,<AIRI_SOURCE_ROOT>/outputs/lachance_v166_fit_scope_audit_v189_2026-07-29/v189_fit_scope_metrics.csv,289fdd6ef380f243d11dad9cb21190e5f41416b7282dea60a7a4403319e1f0e3
3,real,h1_strict,update_only,1,12799,3.2989355968201246,4.6653994624184,0.5301078155887735,0.5302588380485118,0.5302588380485118,3.245848157306301,4.59032248546629,0.5450646143370472,0.5452556181768187,0.5452556181768187,-0.0530874395138236,-1.6355490750337636,1.0,3.0,0.9674648478102684,streaming_receding_h1,h1_strict,train_only,"1,2,5,6",4,"1,2,5,6",strict_fold_local_streaming,False,3ce719858bb158c68ecb92bc6ffe54bd140a6adace18fdd93820166a3045f35c,538870175e01a3998beb18f8c17254423e2c2026b3e24283a09bc30322206aab,d57e95a3bb21954803343695b3ffd405d318ef3fd67ca41c6d6094652f187757,<AIRI_SOURCE_ROOT>/outputs/lachance_v166_fit_scope_audit_v189_2026-07-29/v189_fit_scope_metrics.csv,289fdd6ef380f243d11dad9cb21190e5f41416b7282dea60a7a4403319e1f0e3
3,real,h1_strict,update_only,2,12481,4.224949804972973,5.974981314538343,0.7682373430837173,0.7683480690949187,0.7683480690949187,4.579836603376913,6.4768670379483595,0.7276384946859968,0.7277970767531232,0.7277970767531232,0.3548867984039399,7.74889650303826,1.0,3.0,0.9674648478102684,streaming_receding_h1,h1_strict,train_only,"1,2,5,6",4,"1,2,5,6",strict_fold_local_streaming,False,3ce719858bb158c68ecb92bc6ffe54bd140a6adace18fdd93820166a3045f35c,538870175e01a3998beb18f8c17254423e2c2026b3e24283a09bc30322206aab,d57e95a3bb21954803343695b3ffd405d318ef3fd67ca41c6d6094652f187757,<AIRI_SOURCE_ROOT>/outputs/lachance_v166_fit_scope_audit_v189_2026-07-29/v189_fit_scope_metrics.csv,289fdd6ef380f243d11dad9cb21190e5f41416b7282dea60a7a4403319e1f0e3
3,real,h1_strict,update_only,4,11850,5.389142962676096,7.621399067384057,0.8833141216338258,0.8832529853784438,0.8832529853784438,6.295456553085701,8.903120038704376,0.8406201675001549,0.8406834707262508,0.8406834707262508,0.9063135904096056,14.396312368566475,1.0,3.0,0.9674648478102684,streaming_receding_h1,h1_strict,train_only,"1,2,5,6",4,"1,2,5,6",strict_fold_local_streaming,False,3ce719858bb158c68ecb92bc6ffe54bd140a6adace18fdd93820166a3045f35c,538870175e01a3998beb18f8c17254423e2c2026b3e24283a09bc30322206aab,d57e95a3bb21954803343695b3ffd405d318ef3fd67ca41c6d6094652f187757,<AIRI_SOURCE_ROOT>/outputs/lachance_v166_fit_scope_audit_v189_2026-07-29/v189_fit_scope_metrics.csv,289fdd6ef380f243d11dad9cb21190e5f41416b7282dea60a7a4403319e1f0e3
3,real,h1_strict,update_only,6,11222,6.413188354188489,9.069617948546547,0.9122108380409636,0.9121602281272204,0.9121602281272204,7.62439900396513,10.782528476351404,0.8757454033344809,0.8758477940384412,0.8758477940384412,1.2112106497766408,15.88598195276429,1.0,3.0,0.9674648478102684,streaming_receding_h1,h1_strict,train_only,"1,2,5,6",4,"1,2,5,6",strict_fold_local_streaming,False,3ce719858bb158c68ecb92bc6ffe54bd140a6adace18fdd93820166a3045f35c,538870175e01a3998beb18f8c17254423e2c2026b3e24283a09bc30322206aab,d57e95a3bb21954803343695b3ffd405d318ef3fd67ca41c6d6094652f187757,<AIRI_SOURCE_ROOT>/outputs/lachance_v166_fit_scope_audit_v189_2026-07-29/v189_fit_scope_metrics.csv,289fdd6ef380f243d11dad9cb21190e5f41416b7282dea60a7a4403319e1f0e3
3,real,h1_strict,update_only,1,12799,3.308686700572854,4.679189605593618,0.5273388243169159,0.5274777807880295,0.5274777807880295,3.245848157306301,4.59032248546629,0.5450646143370472,0.5452556181768187,0.5452556181768187,-0.0628385432665532,-1.9359668173357305,1.0,3.0,0.9674648478102684,streaming_receding_h1,h1_strict,train_plus_validation,"1,2,5,6,4",4,"1,2,5,6",strict_fold_local_streaming,False,3ce719858bb158c68ecb92bc6ffe54bd140a6adace18fdd93820166a3045f35c,538870175e01a3998beb18f8c17254423e2c2026b3e24283a09bc30322206aab,d57e95a3bb21954803343695b3ffd405d318ef3fd67ca41c6d6094652f187757,<AIRI_SOURCE_ROOT>/outputs/lachance_v166_fit_scope_audit_v189_2026-07-29/v189_fit_scope_metrics.csv,289fdd6ef380f243d11dad9cb21190e5f41416b7282dea60a7a4403319e1f0e3
3,real,h1_strict,update_only,2,12481,4.241676280924023,5.998636123679024,0.7664075057561266,0.7665102293128429,0.7665102293128429,4.579836603376913,6.4768670379483595,0.7276384946859968,0.7277970767531232,0.7277970767531232,0.3381603224528904,7.383676574914267,1.0,3.0,0.9674648478102684,streaming_receding_h1,h1_strict,train_plus_validation,"1,2,5,6,4",4,"1,2,5,6",strict_fold_local_streaming,False,3ce719858bb158c68ecb92bc6ffe54bd140a6adace18fdd93820166a3045f35c,538870175e01a3998beb18f8c17254423e2c2026b3e24283a09bc30322206aab,d57e95a3bb21954803343695b3ffd405d318ef3fd67ca41c6d6094652f187757,<AIRI_SOURCE_ROOT>/outputs/lachance_v166_fit_scope_audit_v189_2026-07-29/v189_fit_scope_metrics.csv,289fdd6ef380f243d11dad9cb21190e5f41416b7282dea60a7a4403319e1f0e3
3,real,h1_strict,update_only,4,11850,5.431237303803221,7.680929455505197,0.8814755336706553,0.8814220516949006,0.8814220516949006,6.295456553085701,8.903120038704376,0.8406201675001549,0.8406834707262508,0.8406834707262508,0.8642192492824803,13.727666007938463,1.0,3.0,0.9674648478102684,streaming_receding_h1,h1_strict,train_plus_validation,"1,2,5,6,4",4,"1,2,5,6",strict_fold_local_streaming,False,3ce719858bb158c68ecb92bc6ffe54bd140a6adace18fdd93820166a3045f35c,538870175e01a3998beb18f8c17254423e2c2026b3e24283a09bc30322206aab,d57e95a3bb21954803343695b3ffd405d318ef3fd67ca41c6d6094652f187757,<AIRI_SOURCE_ROOT>/outputs/lachance_v166_fit_scope_audit_v189_2026-07-29/v189_fit_scope_metrics.csv,289fdd6ef380f243d11dad9cb21190e5f41416b7282dea60a7a4403319e1f0e3
3,real,h1_strict,update_only,6,11222,6.489285189624499,9.177235125273828,0.9101027753307612,0.910063303682382,0.910063303682382,7.62439900396513,10.782528476351404,0.8757454033344809,0.8758477940384412,0.8758477940384412,1.135113814340631,14.88791200133028,1.0,3.0,0.9674648478102684,streaming_receding_h1,h1_strict,train_plus_validation,"1,2,5,6,4",4,"1,2,5,6",strict_fold_local_streaming,False,3ce719858bb158c68ecb92bc6ffe54bd140a6adace18fdd93820166a3045f35c,538870175e01a3998beb18f8c17254423e2c2026b3e24283a09bc30322206aab,d57e95a3bb21954803343695b3ffd405d318ef3fd67ca41c6d6094652f187757,<AIRI_SOURCE_ROOT>/outputs/lachance_v166_fit_scope_audit_v189_2026-07-29/v189_fit_scope_metrics.csv,289fdd6ef380f243d11dad9cb21190e5f41416b7282dea60a7a4403319e1f0e3
3,real,h1_strict,update_only,1,12799,3.492729776592857,4.939465819761969,0.4732311209794875,0.473448424182544,0.473448424182544,3.245848157306301,4.59032248546629,0.5450646143370472,0.5452556181768187,0.5452556181768187,-0.2468816192865559,-7.606074200693378,10000.0,4.0,0.7722019102503502,streaming_receding_h1,h6_guard10,train_only,"1,2,5,6",4,"1,2,5,6",strict_fold_local_streaming,False,3ce719858bb158c68ecb92bc6ffe54bd140a6adace18fdd93820166a3045f35c,538870175e01a3998beb18f8c17254423e2c2026b3e24283a09bc30322206aab,d57e95a3bb21954803343695b3ffd405d318ef3fd67ca41c6d6094652f187757,<AIRI_SOURCE_ROOT>/outputs/lachance_v166_fit_scope_audit_v189_2026-07-29/v189_fit_scope_metrics.csv,289fdd6ef380f243d11dad9cb21190e5f41416b7282dea60a7a4403319e1f0e3
3,real,h1_strict,update_only,2,12481,4.048032084999707,5.7247818755280235,0.7872087910059811,0.7873424973135523,0.7873424973135523,4.579836603376913,6.4768670379483595,0.7276384946859968,0.7277970767531232,0.7277970767531232,0.5318045183772062,11.611866632645444,10000.0,4.0,0.7722019102503502,streaming_receding_h1,h6_guard10,train_only,"1,2,5,6",4,"1,2,5,6",strict_fold_local_streaming,False,3ce719858bb158c68ecb92bc6ffe54bd140a6adace18fdd93820166a3045f35c,538870175e01a3998beb18f8c17254423e2c2026b3e24283a09bc30322206aab,d57e95a3bb21954803343695b3ffd405d318ef3fd67ca41c6d6094652f187757,<AIRI_SOURCE_ROOT>/outputs/lachance_v166_fit_scope_audit_v189_2026-07-29/v189_fit_scope_metrics.csv,289fdd6ef380f243d11dad9cb21190e5f41416b7282dea60a7a4403319e1f0e3
3,real,h1_strict,update_only,4,11850,4.69987916779664,6.646632860612784,0.9112208379685548,0.9112067893950938,0.9112067893950938,6.295456553085701,8.903120038704376,0.8406201675001549,0.8406834707262508,0.8406834707262508,1.5955773852890616,25.344903452744717,10000.0,4.0,0.7722019102503502,streaming_receding_h1,h6_guard10,train_only,"1,2,5,6",4,"1,2,5,6",strict_fold_local_streaming,False,3ce719858bb158c68ecb92bc6ffe54bd140a6adace18fdd93820166a3045f35c,538870175e01a3998beb18f8c17254423e2c2026b3e24283a09bc30322206aab,d57e95a3bb21954803343695b3ffd405d318ef3fd67ca41c6d6094652f187757,<AIRI_SOURCE_ROOT>/outputs/lachance_v166_fit_scope_audit_v189_2026-07-29/v189_fit_scope_metrics.csv,289fdd6ef380f243d11dad9cb21190e5f41416b7282dea60a7a4403319e1f0e3
3,real,h1_strict,update_only,6,11222,5.30331945168226,7.500026294166097,0.939930963759294,0.93993260678485,0.93993260678485,7.62439900396513,10.782528476351404,0.8757454033344809,0.8758477940384412,0.8758477940384412,2.32107955228287,30.44278704558581,10000.0,4.0,0.7722019102503502,streaming_receding_h1,h6_guard10,train_only,"1,2,5,6",4,"1,2,5,6",strict_fold_local_streaming,False,3ce719858bb158c68ecb92bc6ffe54bd140a6adace18fdd93820166a3045f35c,538870175e01a3998beb18f8c17254423e2c2026b3e24283a09bc30322206aab,d57e95a3bb21954803343695b3ffd405d318ef3fd67ca41c6d6094652f187757,<AIRI_SOURCE_ROOT>/outputs/lachance_v166_fit_scope_audit_v189_2026-07-29/v189_fit_scope_metrics.csv,289fdd6ef380f243d11dad9cb21190e5f41416b7282dea60a7a4403319e1f0e3
3,real,h1_strict,update_only,1,12799,3.5016275344399186,4.952049149583995,0.4705251326712578,0.4707622180244573,0.4707622180244573,3.245848157306301,4.59032248546629,0.5450646143370472,0.5452556181768187,0.5452556181768187,-0.2557793771336176,-7.8802015601951805,10000.0,4.0,0.7722019102503502,streaming_receding_h1,h6_guard10,train_plus_validation,"1,2,5,6,4",4,"1,2,5,6",strict_fold_local_streaming,False,3ce719858bb158c68ecb92bc6ffe54bd140a6adace18fdd93820166a3045f35c,538870175e01a3998beb18f8c17254423e2c2026b3e24283a09bc30322206aab,d57e95a3bb21954803343695b3ffd405d318ef3fd67ca41c6d6094652f187757,<AIRI_SOURCE_ROOT>/outputs/lachance_v166_fit_scope_audit_v189_2026-07-29/v189_fit_scope_metrics.csv,289fdd6ef380f243d11dad9cb21190e5f41416b7282dea60a7a4403319e1f0e3
3,real,h1_strict,update_only,2,12481,4.054269225959492,5.733602524863784,0.7865466892226832,0.7866866741279925,0.7866866741279925,4.579836603376913,6.4768670379483595,0.7276384946859968,0.7277970767531232,0.7277970767531232,0.5255673774174214,11.47567965699688,10000.0,4.0,0.7722019102503502,streaming_receding_h1,h6_guard10,train_plus_validation,"1,2,5,6,4",4,"1,2,5,6",strict_fold_local_streaming,False,3ce719858bb158c68ecb92bc6ffe54bd140a6adace18fdd93820166a3045f35c,538870175e01a3998beb18f8c17254423e2c2026b3e24283a09bc30322206aab,d57e95a3bb21954803343695b3ffd405d318ef3fd67ca41c6d6094652f187757,<AIRI_SOURCE_ROOT>/outputs/lachance_v166_fit_scope_audit_v189_2026-07-29/v189_fit_scope_metrics.csv,289fdd6ef380f243d11dad9cb21190e5f41416b7282dea60a7a4403319e1f0e3
3,real,h1_strict,update_only,4,11850,4.700941085338957,6.648134638803249,0.9111833892797268,0.9111666599717856,0.9111666599717856,6.295456553085701,8.903120038704376,0.8406201675001549,0.8406834707262508,0.8406834707262508,1.5945154677467448,25.328035453841665,10000.0,4.0,0.7722019102503502,streaming_receding_h1,h6_guard10,train_plus_validation,"1,2,5,6,4",4,"1,2,5,6",strict_fold_local_streaming,False,3ce719858bb158c68ecb92bc6ffe54bd140a6adace18fdd93820166a3045f35c,538870175e01a3998beb18f8c17254423e2c2026b3e24283a09bc30322206aab,d57e95a3bb21954803343695b3ffd405d318ef3fd67ca41c6d6094652f187757,<AIRI_SOURCE_ROOT>/outputs/lachance_v166_fit_scope_audit_v189_2026-07-29/v189_fit_scope_metrics.csv,289fdd6ef380f243d11dad9cb21190e5f41416b7282dea60a7a4403319e1f0e3
3,real,h1_strict,update_only,6,11222,5.304001017235614,7.500990173415297,0.9399202418911524,0.9399171664565056,0.9399171664565056,7.62439900396513,10.782528476351404,0.8757454033344809,0.8758477940384412,0.8758477940384412,2.3203979867295157,30.433847776366033,10000.0,4.0,0.7722019102503502,streaming_receding_h1,h6_guard10,train_plus_validation,"1,2,5,6,4",4,"1,2,5,6",strict_fold_local_streaming,False,3ce719858bb158c68ecb92bc6ffe54bd140a6adace18fdd93820166a3045f35c,538870175e01a3998beb18f8c17254423e2c2026b3e24283a09bc30322206aab,d57e95a3bb21954803343695b3ffd405d318ef3fd67ca41c6d6094652f187757,<AIRI_SOURCE_ROOT>/outputs/lachance_v166_fit_scope_audit_v189_2026-07-29/v189_fit_scope_metrics.csv,289fdd6ef380f243d11dad9cb21190e5f41416b7282dea60a7a4403319e1f0e3
4,real,h1_strict,update_only,1,13260,3.810066094230661,5.388247143998887,0.4624706678295298,0.4651219885421483,0.4651219885421483,3.871088065780318,5.474545243767158,0.4462375070684319,0.4478515867257473,0.4478515867257473,0.0610219715496573,1.5763519329120927,3000.0,1.0,0.9851032703067562,streaming_receding_h1,h1_strict,train_only,"1,2,3,6",5,"1,2,3,6",strict_fold_local_streaming,False,e65e89db7ebb8974b049a78a2911fc34b14e08fe0ab78f4666d818425b5e3897,f0dce3f42241f447295f2b46376e630d364754f1291491a4c3f45f75a8485372,4baaebf7ef93c1c1d986ef367ac6041b056aaddf6562738d68d4c85bd23876f5,<AIRI_SOURCE_ROOT>/outputs/lachance_v166_fit_scope_audit_v189_2026-07-29/v189_fit_scope_metrics.csv,289fdd6ef380f243d11dad9cb21190e5f41416b7282dea60a7a4403319e1f0e3
4,real,h1_strict,update_only,2,12929,4.78113836149091,6.761550714402723,0.7279543750783958,0.7307802991284994,0.7307802991284994,4.979604481244714,7.0422241926301155,0.7049388879370132,0.7079656673763965,0.7079656673763965,0.198466119753804,3.985579989360821,3000.0,1.0,0.9851032703067562,streaming_receding_h1,h1_strict,train_only,"1,2,3,6",5,"1,2,3,6",strict_fold_local_streaming,False,e65e89db7ebb8974b049a78a2911fc34b14e08fe0ab78f4666d818425b5e3897,f0dce3f42241f447295f2b46376e630d364754f1291491a4c3f45f75a8485372,4baaebf7ef93c1c1d986ef367ac6041b056aaddf6562738d68d4c85bd23876f5,<AIRI_SOURCE_ROOT>/outputs/lachance_v166_fit_scope_audit_v189_2026-07-29/v189_fit_scope_metrics.csv,289fdd6ef380f243d11dad9cb21190e5f41416b7282dea60a7a4403319e1f0e3
4,real,h1_strict,update_only,4,12268,6.49510928349879,9.185471637819385,0.8439344232803418,0.8464711304995206,0.8464711304995206,6.922230960221259,9.789512905823836,0.8229924453678303,0.8256149310029889,0.8256149310029889,0.4271216767224688,6.170289306683527,3000.0,1.0,0.9851032703067562,streaming_receding_h1,h1_strict,train_only,"1,2,3,6",5,"1,2,3,6",strict_fold_local_streaming,False,e65e89db7ebb8974b049a78a2911fc34b14e08fe0ab78f4666d818425b5e3897,f0dce3f42241f447295f2b46376e630d364754f1291491a4c3f45f75a8485372,4baaebf7ef93c1c1d986ef367ac6041b056aaddf6562738d68d4c85bd23876f5,<AIRI_SOURCE_ROOT>/outputs/lachance_v166_fit_scope_audit_v189_2026-07-29/v189_fit_scope_metrics.csv,289fdd6ef380f243d11dad9cb21190e5f41416b7282dea60a7a4403319e1f0e3
4,real,h1_strict,update_only,6,11613,7.961480569561773,11.259233798044132,0.8756282987721651,0.8784996755753128,0.8784996755753128,8.475571251287862,11.9862678124308,0.8595748017038662,0.862301973194505,0.862301973194505,0.5140906817260893,6.065557901456769,3000.0,1.0,0.9851032703067562,streaming_receding_h1,h1_strict,train_only,"1,2,3,6",5,"1,2,3,6",strict_fold_local_streaming,False,e65e89db7ebb8974b049a78a2911fc34b14e08fe0ab78f4666d818425b5e3897,f0dce3f42241f447295f2b46376e630d364754f1291491a4c3f45f75a8485372,4baaebf7ef93c1c1d986ef367ac6041b056aaddf6562738d68d4c85bd23876f5,<AIRI_SOURCE_ROOT>/outputs/lachance_v166_fit_scope_audit_v189_2026-07-29/v189_fit_scope_metrics.csv,289fdd6ef380f243d11dad9cb21190e5f41416b7282dea60a7a4403319e1f0e3
4,real,h1_strict,update_only,1,13260,3.816761201712741,5.39771545580159,0.4608150624767765,0.4632405449975245,0.4632405449975245,3.871088065780318,5.474545243767158,0.4462375070684319,0.4478515867257473,0.4478515867257473,0.0543268640675771,1.40340036559272,3000.0,1.0,0.9851032703067562,streaming_receding_h1,h1_strict,train_plus_validation,"1,2,3,6,5",5,"1,2,3,6",strict_fold_local_streaming,False,e65e89db7ebb8974b049a78a2911fc34b14e08fe0ab78f4666d818425b5e3897,f0dce3f42241f447295f2b46376e630d364754f1291491a4c3f45f75a8485372,4baaebf7ef93c1c1d986ef367ac6041b056aaddf6562738d68d4c85bd23876f5,<AIRI_SOURCE_ROOT>/outputs/lachance_v166_fit_scope_audit_v189_2026-07-29/v189_fit_scope_metrics.csv,289fdd6ef380f243d11dad9cb21190e5f41416b7282dea60a7a4403319e1f0e3
4,real,h1_strict,update_only,2,12929,4.7504570419033305,6.718160776130464,0.731329402404951,0.7342244633199287,0.7342244633199287,4.979604481244714,7.0422241926301155,0.7049388879370132,0.7079656673763965,0.7079656673763965,0.2291474393413839,4.601719678830911,3000.0,1.0,0.9851032703067562,streaming_receding_h1,h1_strict,train_plus_validation,"1,2,3,6,5",5,"1,2,3,6",strict_fold_local_streaming,False,e65e89db7ebb8974b049a78a2911fc34b14e08fe0ab78f4666d818425b5e3897,f0dce3f42241f447295f2b46376e630d364754f1291491a4c3f45f75a8485372,4baaebf7ef93c1c1d986ef367ac6041b056aaddf6562738d68d4c85bd23876f5,<AIRI_SOURCE_ROOT>/outputs/lachance_v166_fit_scope_audit_v189_2026-07-29/v189_fit_scope_metrics.csv,289fdd6ef380f243d11dad9cb21190e5f41416b7282dea60a7a4403319e1f0e3
4,real,h1_strict,update_only,4,12268,6.423949654511174,9.08483672541166,0.8472265838227075,0.8498167895537097,0.8498167895537097,6.922230960221259,9.789512905823836,0.8229924453678303,0.8256149310029889,0.8256149310029889,0.4982813057100852,7.198276228768859,3000.0,1.0,0.9851032703067562,streaming_receding_h1,h1_strict,train_plus_validation,"1,2,3,6,5",5,"1,2,3,6",strict_fold_local_streaming,False,e65e89db7ebb8974b049a78a2911fc34b14e08fe0ab78f4666d818425b5e3897,f0dce3f42241f447295f2b46376e630d364754f1291491a4c3f45f75a8485372,4baaebf7ef93c1c1d986ef367ac6041b056aaddf6562738d68d4c85bd23876f5,<AIRI_SOURCE_ROOT>/outputs/lachance_v166_fit_scope_audit_v189_2026-07-29/v189_fit_scope_metrics.csv,289fdd6ef380f243d11dad9cb21190e5f41416b7282dea60a7a4403319e1f0e3
4,real,h1_strict,update_only,6,11613,7.84269715433991,11.09124868125238,0.8791861381346142,0.8820981421350724,0.8820981421350724,8.475571251287862,11.9862678124308,0.8595748017038662,0.862301973194505,0.862301973194505,0.632874096947952,7.467037656627414,3000.0,1.0,0.9851032703067562,streaming_receding_h1,h1_strict,train_plus_validation,"1,2,3,6,5",5,"1,2,3,6",strict_fold_local_streaming,False,e65e89db7ebb8974b049a78a2911fc34b14e08fe0ab78f4666d818425b5e3897,f0dce3f42241f447295f2b46376e630d364754f1291491a4c3f45f75a8485372,4baaebf7ef93c1c1d986ef367ac6041b056aaddf6562738d68d4c85bd23876f5,<AIRI_SOURCE_ROOT>/outputs/lachance_v166_fit_scope_audit_v189_2026-07-29/v189_fit_scope_metrics.csv,289fdd6ef380f243d11dad9cb21190e5f41416b7282dea60a7a4403319e1f0e3
4,real,h1_strict,update_only,1,13260,4.188361916496331,5.92323822643608,0.3515324465868386,0.3536345568067522,0.3536345568067522,3.871088065780318,5.474545243767158,0.4462375070684319,0.4478515867257473,0.4478515867257473,-0.3172738507160129,-8.195986382243623,10000.0,4.0,0.7779659057788267,streaming_receding_h1,h6_guard10,train_only,"1,2,3,6",5,"1,2,3,6",strict_fold_local_streaming,False,e65e89db7ebb8974b049a78a2911fc34b14e08fe0ab78f4666d818425b5e3897,f0dce3f42241f447295f2b46376e630d364754f1291491a4c3f45f75a8485372,4baaebf7ef93c1c1d986ef367ac6041b056aaddf6562738d68d4c85bd23876f5,<AIRI_SOURCE_ROOT>/outputs/lachance_v166_fit_scope_audit_v189_2026-07-29/v189_fit_scope_metrics.csv,289fdd6ef380f243d11dad9cb21190e5f41416b7282dea60a7a4403319e1f0e3
4,real,h1_strict,update_only,2,12929,4.490664204606039,6.350758222217248,0.7604726731127931,0.7624990363160125,0.7624990363160125,4.979604481244714,7.0422241926301155,0.7049388879370132,0.7079656673763965,0.7079656673763965,0.488940276638675,9.818857671934184,10000.0,4.0,0.7779659057788267,streaming_receding_h1,h6_guard10,train_only,"1,2,3,6",5,"1,2,3,6",strict_fold_local_streaming,False,e65e89db7ebb8974b049a78a2911fc34b14e08fe0ab78f4666d818425b5e3897,f0dce3f42241f447295f2b46376e630d364754f1291491a4c3f45f75a8485372,4baaebf7ef93c1c1d986ef367ac6041b056aaddf6562738d68d4c85bd23876f5,<AIRI_SOURCE_ROOT>/outputs/lachance_v166_fit_scope_audit_v189_2026-07-29/v189_fit_scope_metrics.csv,289fdd6ef380f243d11dad9cb21190e5f41416b7282dea60a7a4403319e1f0e3
4,real,h1_strict,update_only,4,12268,5.4146220481527365,7.657431935621986,0.8919547063782391,0.8933027020314452,0.8933027020314452,6.922230960221259,9.789512905823836,0.8229924453678303,0.8256149310029889,0.8256149310029889,1.5076089120685223,21.779234479924572,10000.0,4.0,0.7779659057788267,streaming_receding_h1,h6_guard10,train_only,"1,2,3,6",5,"1,2,3,6",strict_fold_local_streaming,False,e65e89db7ebb8974b049a78a2911fc34b14e08fe0ab78f4666d818425b5e3897,f0dce3f42241f447295f2b46376e630d364754f1291491a4c3f45f75a8485372,4baaebf7ef93c1c1d986ef367ac6041b056aaddf6562738d68d4c85bd23876f5,<AIRI_SOURCE_ROOT>/outputs/lachance_v166_fit_scope_audit_v189_2026-07-29/v189_fit_scope_metrics.csv,289fdd6ef380f243d11dad9cb21190e5f41416b7282dea60a7a4403319e1f0e3
4,real,h1_strict,update_only,6,11613,6.241746478274864,8.827162522470816,0.9240025790440106,0.9253203956638564,0.9253203956638564,8.475571251287862,11.9862678124308,0.8595748017038662,0.862301973194505,0.862301973194505,2.233824773012998,26.356037921025894,10000.0,4.0,0.7779659057788267,streaming_receding_h1,h6_guard10,train_only,"1,2,3,6",5,"1,2,3,6",strict_fold_local_streaming,False,e65e89db7ebb8974b049a78a2911fc34b14e08fe0ab78f4666d818425b5e3897,f0dce3f42241f447295f2b46376e630d364754f1291491a4c3f45f75a8485372,4baaebf7ef93c1c1d986ef367ac6041b056aaddf6562738d68d4c85bd23876f5,<AIRI_SOURCE_ROOT>/outputs/lachance_v166_fit_scope_audit_v189_2026-07-29/v189_fit_scope_metrics.csv,289fdd6ef380f243d11dad9cb21190e5f41416b7282dea60a7a4403319e1f0e3
4,real,h1_strict,update_only,1,13260,4.258001992278574,6.021724166092018,0.3310238478564299,0.3319615708543852,0.3319615708543852,3.871088065780318,5.474545243767158,0.4462375070684319,0.4478515867257473,0.4478515867257473,-0.3869139264982562,-9.994965754421909,10000.0,4.0,0.7779659057788267,streaming_receding_h1,h6_guard10,train_plus_validation,"1,2,3,6,5",5,"1,2,3,6",strict_fold_local_streaming,False,e65e89db7ebb8974b049a78a2911fc34b14e08fe0ab78f4666d818425b5e3897,f0dce3f42241f447295f2b46376e630d364754f1291491a4c3f45f75a8485372,4baaebf7ef93c1c1d986ef367ac6041b056aaddf6562738d68d4c85bd23876f5,<AIRI_SOURCE_ROOT>/outputs/lachance_v166_fit_scope_audit_v189_2026-07-29/v189_fit_scope_metrics.csv,289fdd6ef380f243d11dad9cb21190e5f41416b7282dea60a7a4403319e1f0e3
4,real,h1_strict,update_only,2,12929,4.485886604572199,6.344001675453797,0.761015144945083,0.7630041201820991,0.7630041201820991,4.979604481244714,7.0422241926301155,0.7049388879370132,0.7079656673763965,0.7079656673763965,0.4937178766725152,9.914801035545382,10000.0,4.0,0.7779659057788267,streaming_receding_h1,h6_guard10,train_plus_validation,"1,2,3,6,5",5,"1,2,3,6",strict_fold_local_streaming,False,e65e89db7ebb8974b049a78a2911fc34b14e08fe0ab78f4666d818425b5e3897,f0dce3f42241f447295f2b46376e630d364754f1291491a4c3f45f75a8485372,4baaebf7ef93c1c1d986ef367ac6041b056aaddf6562738d68d4c85bd23876f5,<AIRI_SOURCE_ROOT>/outputs/lachance_v166_fit_scope_audit_v189_2026-07-29/v189_fit_scope_metrics.csv,289fdd6ef380f243d11dad9cb21190e5f41416b7282dea60a7a4403319e1f0e3
4,real,h1_strict,update_only,4,12268,5.357713815711712,7.576951541493209,0.8941494651972048,0.8955337150725331,0.8955337150725331,6.922230960221259,9.789512905823836,0.8229924453678303,0.8256149310029889,0.8256149310029889,1.564517144509547,22.601342739068897,10000.0,4.0,0.7779659057788267,streaming_receding_h1,h6_guard10,train_plus_validation,"1,2,3,6,5",5,"1,2,3,6",strict_fold_local_streaming,False,e65e89db7ebb8974b049a78a2911fc34b14e08fe0ab78f4666d818425b5e3897,f0dce3f42241f447295f2b46376e630d364754f1291491a4c3f45f75a8485372,4baaebf7ef93c1c1d986ef367ac6041b056aaddf6562738d68d4c85bd23876f5,<AIRI_SOURCE_ROOT>/outputs/lachance_v166_fit_scope_audit_v189_2026-07-29/v189_fit_scope_metrics.csv,289fdd6ef380f243d11dad9cb21190e5f41416b7282dea60a7a4403319e1f0e3
4,real,h1_strict,update_only,6,11613,6.0981592468884305,8.624099512460518,0.9272733145619554,0.928716784634751,0.928716784634751,8.475571251287862,11.9862678124308,0.8595748017038662,0.862301973194505,0.862301973194505,2.3774120043994316,28.05016834751031,10000.0,4.0,0.7779659057788267,streaming_receding_h1,h6_guard10,train_plus_validation,"1,2,3,6,5",5,"1,2,3,6",strict_fold_local_streaming,False,e65e89db7ebb8974b049a78a2911fc34b14e08fe0ab78f4666d818425b5e3897,f0dce3f42241f447295f2b46376e630d364754f1291491a4c3f45f75a8485372,4baaebf7ef93c1c1d986ef367ac6041b056aaddf6562738d68d4c85bd23876f5,<AIRI_SOURCE_ROOT>/outputs/lachance_v166_fit_scope_audit_v189_2026-07-29/v189_fit_scope_metrics.csv,289fdd6ef380f243d11dad9cb21190e5f41416b7282dea60a7a4403319e1f0e3
5,real,h1_strict,update_only,1,14154,3.139975265017723,4.440595605304117,0.5525583061940241,0.5528861275031727,0.5528861275031727,3.0945886892756964,4.376409294340069,0.5653223455617755,0.5657182705771415,0.5657182705771415,-0.0453865757420266,-1.4666432375751233,30.0,3.0,0.965802704466746,streaming_receding_h1,h1_strict,train_only,"1,2,3,4",6,"1,2,3,4",strict_fold_local_streaming,False,3b45e6a8deb5c49969100f9749c368a808803a369977528f3134c3a47be89da1,b24d0ed549d7a4b951e4b7ef9127e939333fb4d41ce231eb2e234f441f8bd4db,e9e7ed3adaa7dfb5b94e9ba9b6ec44eda13931c3190ca17bca1f6ae2d2de0407,<AIRI_SOURCE_ROOT>/outputs/lachance_v166_fit_scope_audit_v189_2026-07-29/v189_fit_scope_metrics.csv,289fdd6ef380f243d11dad9cb21190e5f41416b7282dea60a7a4403319e1f0e3
5,real,h1_strict,update_only,2,13795,3.8476172647493687,5.4413525186294285,0.7992591200869736,0.7993892393611168,0.7993892393611168,4.223246602080926,5.972572621908935,0.7581775940478167,0.75830738665695,0.75830738665695,0.3756293373315573,8.894326396816917,30.0,3.0,0.965802704466746,streaming_receding_h1,h1_strict,train_only,"1,2,3,4",6,"1,2,3,4",strict_fold_local_streaming,False,3b45e6a8deb5c49969100f9749c368a808803a369977528f3134c3a47be89da1,b24d0ed549d7a4b951e4b7ef9127e939333fb4d41ce231eb2e234f441f8bd4db,e9e7ed3adaa7dfb5b94e9ba9b6ec44eda13931c3190ca17bca1f6ae2d2de0407,<AIRI_SOURCE_ROOT>/outputs/lachance_v166_fit_scope_audit_v189_2026-07-29/v189_fit_scope_metrics.csv,289fdd6ef380f243d11dad9cb21190e5f41416b7282dea60a7a4403319e1f0e3
5,real,h1_strict,update_only,4,13080,4.865920098378293,6.881450196550407,0.9031855499527776,0.9031195914158,0.9031195914158,5.818923837645272,8.229201009614043,0.8615290532857955,0.8614548392271966,0.8614548392271966,0.953003739266979,16.377663050022466,30.0,3.0,0.965802704466746,streaming_receding_h1,h1_strict,train_only,"1,2,3,4",6,"1,2,3,4",strict_fold_local_streaming,False,3b45e6a8deb5c49969100f9749c368a808803a369977528f3134c3a47be89da1,b24d0ed549d7a4b951e4b7ef9127e939333fb4d41ce231eb2e234f441f8bd4db,e9e7ed3adaa7dfb5b94e9ba9b6ec44eda13931c3190ca17bca1f6ae2d2de0407,<AIRI_SOURCE_ROOT>/outputs/lachance_v166_fit_scope_audit_v189_2026-07-29/v189_fit_scope_metrics.csv,289fdd6ef380f243d11dad9cb21190e5f41416b7282dea60a7a4403319e1f0e3
5,real,h1_strict,update_only,6,12370,5.6725425908573754,8.022186665129516,0.9313752382890564,0.931259454884288,0.931259454884288,7.027150053149779,9.93789090999523,0.8946374548143781,0.8945088818556918,0.8945088818556918,1.3546074622924031,19.27676870490659,30.0,3.0,0.965802704466746,streaming_receding_h1,h1_strict,train_only,"1,2,3,4",6,"1,2,3,4",strict_fold_local_streaming,False,3b45e6a8deb5c49969100f9749c368a808803a369977528f3134c3a47be89da1,b24d0ed549d7a4b951e4b7ef9127e939333fb4d41ce231eb2e234f441f8bd4db,e9e7ed3adaa7dfb5b94e9ba9b6ec44eda13931c3190ca17bca1f6ae2d2de0407,<AIRI_SOURCE_ROOT>/outputs/lachance_v166_fit_scope_audit_v189_2026-07-29/v189_fit_scope_metrics.csv,289fdd6ef380f243d11dad9cb21190e5f41416b7282dea60a7a4403319e1f0e3
5,real,h1_strict,update_only,1,14154,3.1538083243426205,4.460158505410499,0.548607144523822,0.5489379584862153,0.5489379584862153,3.0945886892756964,4.376409294340069,0.5653223455617755,0.5657182705771415,0.5657182705771415,-0.059219635066924,-1.9136512478104064,30.0,3.0,0.965802704466746,streaming_receding_h1,h1_strict,train_plus_validation,"1,2,3,4,6",6,"1,2,3,4",strict_fold_local_streaming,False,3b45e6a8deb5c49969100f9749c368a808803a369977528f3134c3a47be89da1,b24d0ed549d7a4b951e4b7ef9127e939333fb4d41ce231eb2e234f441f8bd4db,e9e7ed3adaa7dfb5b94e9ba9b6ec44eda13931c3190ca17bca1f6ae2d2de0407,<AIRI_SOURCE_ROOT>/outputs/lachance_v166_fit_scope_audit_v189_2026-07-29/v189_fit_scope_metrics.csv,289fdd6ef380f243d11dad9cb21190e5f41416b7282dea60a7a4403319e1f0e3
5,real,h1_strict,update_only,2,13795,3.8543264771695895,5.450840777826947,0.7985810420845566,0.7986890066749853,0.7986890066749853,4.223246602080926,5.972572621908935,0.7581775940478167,0.75830738665695,0.75830738665695,0.3689201249113365,8.735462540348887,30.0,3.0,0.965802704466746,streaming_receding_h1,h1_strict,train_plus_validation,"1,2,3,4,6",6,"1,2,3,4",strict_fold_local_streaming,False,3b45e6a8deb5c49969100f9749c368a808803a369977528f3134c3a47be89da1,b24d0ed549d7a4b951e4b7ef9127e939333fb4d41ce231eb2e234f441f8bd4db,e9e7ed3adaa7dfb5b94e9ba9b6ec44eda13931c3190ca17bca1f6ae2d2de0407,<AIRI_SOURCE_ROOT>/outputs/lachance_v166_fit_scope_audit_v189_2026-07-29/v189_fit_scope_metrics.csv,289fdd6ef380f243d11dad9cb21190e5f41416b7282dea60a7a4403319e1f0e3
5,real,h1_strict,update_only,4,13080,4.877123871523873,6.897294724482637,0.9027519443777328,0.9026729438367196,0.9026729438367196,5.818923837645272,8.229201009614043,0.8615290532857955,0.8614548392271966,0.8614548392271966,0.9417999661213994,16.185122754631465,30.0,3.0,0.965802704466746,streaming_receding_h1,h1_strict,train_plus_validation,"1,2,3,4,6",6,"1,2,3,4",strict_fold_local_streaming,False,3b45e6a8deb5c49969100f9749c368a808803a369977528f3134c3a47be89da1,b24d0ed549d7a4b951e4b7ef9127e939333fb4d41ce231eb2e234f441f8bd4db,e9e7ed3adaa7dfb5b94e9ba9b6ec44eda13931c3190ca17bca1f6ae2d2de0407,<AIRI_SOURCE_ROOT>/outputs/lachance_v166_fit_scope_audit_v189_2026-07-29/v189_fit_scope_metrics.csv,289fdd6ef380f243d11dad9cb21190e5f41416b7282dea60a7a4403319e1f0e3
5,real,h1_strict,update_only,6,12370,5.6987939069873095,8.059311632430612,0.9307487011544876,0.9306217495727448,0.9306217495727448,7.027150053149779,9.93789090999523,0.8946374548143781,0.8945088818556918,0.8945088818556918,1.328356146162469,18.903198823355996,30.0,3.0,0.965802704466746,streaming_receding_h1,h1_strict,train_plus_validation,"1,2,3,4,6",6,"1,2,3,4",strict_fold_local_streaming,False,3b45e6a8deb5c49969100f9749c368a808803a369977528f3134c3a47be89da1,b24d0ed549d7a4b951e4b7ef9127e939333fb4d41ce231eb2e234f441f8bd4db,e9e7ed3adaa7dfb5b94e9ba9b6ec44eda13931c3190ca17bca1f6ae2d2de0407,<AIRI_SOURCE_ROOT>/outputs/lachance_v166_fit_scope_audit_v189_2026-07-29/v189_fit_scope_metrics.csv,289fdd6ef380f243d11dad9cb21190e5f41416b7282dea60a7a4403319e1f0e3
5,real,h1_strict,update_only,1,14154,3.5014246194565573,4.951762184462516,0.4433711717029259,0.4440250134089044,0.4440250134089044,3.0945886892756964,4.376409294340069,0.5653223455617755,0.5657182705771415,0.5657182705771415,-0.4068359301808608,-13.14668833343674,100.0,6.0,0.7585592750374277,streaming_receding_h1,h6_guard10,train_only,"1,2,3,4",6,"1,2,3,4",strict_fold_local_streaming,False,3b45e6a8deb5c49969100f9749c368a808803a369977528f3134c3a47be89da1,b24d0ed549d7a4b951e4b7ef9127e939333fb4d41ce231eb2e234f441f8bd4db,e9e7ed3adaa7dfb5b94e9ba9b6ec44eda13931c3190ca17bca1f6ae2d2de0407,<AIRI_SOURCE_ROOT>/outputs/lachance_v166_fit_scope_audit_v189_2026-07-29/v189_fit_scope_metrics.csv,289fdd6ef380f243d11dad9cb21190e5f41416b7282dea60a7a4403319e1f0e3
5,real,h1_strict,update_only,2,13795,3.755500981588009,5.311080421667234,0.8086446738539379,0.8088799481097566,0.8088799481097566,4.223246602080926,5.972572621908935,0.7581775940478167,0.75830738665695,0.75830738665695,0.4677456204929169,11.075498652208562,100.0,6.0,0.7585592750374277,streaming_receding_h1,h6_guard10,train_only,"1,2,3,4",6,"1,2,3,4",strict_fold_local_streaming,False,3b45e6a8deb5c49969100f9749c368a808803a369977528f3134c3a47be89da1,b24d0ed549d7a4b951e4b7ef9127e939333fb4d41ce231eb2e234f441f8bd4db,e9e7ed3adaa7dfb5b94e9ba9b6ec44eda13931c3190ca17bca1f6ae2d2de0407,<AIRI_SOURCE_ROOT>/outputs/lachance_v166_fit_scope_audit_v189_2026-07-29/v189_fit_scope_metrics.csv,289fdd6ef380f243d11dad9cb21190e5f41416b7282dea60a7a4403319e1f0e3
5,real,h1_strict,update_only,4,13080,4.197109391554697,5.935609024300141,0.9278951706971744,0.927921358539155,0.927921358539155,5.818923837645272,8.229201009614043,0.8615290532857955,0.8614548392271966,0.8614548392271966,1.6218144460905748,27.87138122685706,100.0,6.0,0.7585592750374277,streaming_receding_h1,h6_guard10,train_only,"1,2,3,4",6,"1,2,3,4",strict_fold_local_streaming,False,3b45e6a8deb5c49969100f9749c368a808803a369977528f3134c3a47be89da1,b24d0ed549d7a4b951e4b7ef9127e939333fb4d41ce231eb2e234f441f8bd4db,e9e7ed3adaa7dfb5b94e9ba9b6ec44eda13931c3190ca17bca1f6ae2d2de0407,<AIRI_SOURCE_ROOT>/outputs/lachance_v166_fit_scope_audit_v189_2026-07-29/v189_fit_scope_metrics.csv,289fdd6ef380f243d11dad9cb21190e5f41416b7282dea60a7a4403319e1f0e3
5,real,h1_strict,update_only,6,12370,4.5542607839006015,6.440697367176154,0.9557124056050734,0.9556908690879796,0.9556908690879796,7.027150053149779,9.93789090999523,0.8946374548143781,0.8945088818556918,0.8945088818556918,2.472889269249177,35.19050042400552,100.0,6.0,0.7585592750374277,streaming_receding_h1,h6_guard10,train_only,"1,2,3,4",6,"1,2,3,4",strict_fold_local_streaming,False,3b45e6a8deb5c49969100f9749c368a808803a369977528f3134c3a47be89da1,b24d0ed549d7a4b951e4b7ef9127e939333fb4d41ce231eb2e234f441f8bd4db,e9e7ed3adaa7dfb5b94e9ba9b6ec44eda13931c3190ca17bca1f6ae2d2de0407,<AIRI_SOURCE_ROOT>/outputs/lachance_v166_fit_scope_audit_v189_2026-07-29/v189_fit_scope_metrics.csv,289fdd6ef380f243d11dad9cb21190e5f41416b7282dea60a7a4403319e1f0e3
5,real,h1_strict,update_only,1,14154,3.525713682722817,4.9861121071509995,0.4355166278558404,0.4362847639436608,0.4362847639436608,3.0945886892756964,4.376409294340069,0.5653223455617755,0.5657182705771415,0.5657182705771415,-0.4311249934471206,-13.931576591783754,100.0,6.0,0.7585592750374277,streaming_receding_h1,h6_guard10,train_plus_validation,"1,2,3,4,6",6,"1,2,3,4",strict_fold_local_streaming,False,3b45e6a8deb5c49969100f9749c368a808803a369977528f3134c3a47be89da1,b24d0ed549d7a4b951e4b7ef9127e939333fb4d41ce231eb2e234f441f8bd4db,e9e7ed3adaa7dfb5b94e9ba9b6ec44eda13931c3190ca17bca1f6ae2d2de0407,<AIRI_SOURCE_ROOT>/outputs/lachance_v166_fit_scope_audit_v189_2026-07-29/v189_fit_scope_metrics.csv,289fdd6ef380f243d11dad9cb21190e5f41416b7282dea60a7a4403319e1f0e3
5,real,h1_strict,update_only,2,13795,3.7699114514784338,5.331459903626442,0.8071573744141725,0.8074104164604148,0.8074104164604148,4.223246602080926,5.972572621908935,0.7581775940478167,0.75830738665695,0.75830738665695,0.4533351506024923,10.734280834538996,100.0,6.0,0.7585592750374277,streaming_receding_h1,h6_guard10,train_plus_validation,"1,2,3,4,6",6,"1,2,3,4",strict_fold_local_streaming,False,3b45e6a8deb5c49969100f9749c368a808803a369977528f3134c3a47be89da1,b24d0ed549d7a4b951e4b7ef9127e939333fb4d41ce231eb2e234f441f8bd4db,e9e7ed3adaa7dfb5b94e9ba9b6ec44eda13931c3190ca17bca1f6ae2d2de0407,<AIRI_SOURCE_ROOT>/outputs/lachance_v166_fit_scope_audit_v189_2026-07-29/v189_fit_scope_metrics.csv,289fdd6ef380f243d11dad9cb21190e5f41416b7282dea60a7a4403319e1f0e3
5,real,h1_strict,update_only,4,13080,4.215804279434734,5.9620475882871355,0.927252280263236,0.9272778188853504,0.9272778188853504,5.818923837645272,8.229201009614043,0.8615290532857955,0.8614548392271966,0.8614548392271966,1.6031195582105378,27.550103815403567,100.0,6.0,0.7585592750374277,streaming_receding_h1,h6_guard10,train_plus_validation,"1,2,3,4,6",6,"1,2,3,4",strict_fold_local_streaming,False,3b45e6a8deb5c49969100f9749c368a808803a369977528f3134c3a47be89da1,b24d0ed549d7a4b951e4b7ef9127e939333fb4d41ce231eb2e234f441f8bd4db,e9e7ed3adaa7dfb5b94e9ba9b6ec44eda13931c3190ca17bca1f6ae2d2de0407,<AIRI_SOURCE_ROOT>/outputs/lachance_v166_fit_scope_audit_v189_2026-07-29/v189_fit_scope_metrics.csv,289fdd6ef380f243d11dad9cb21190e5f41416b7282dea60a7a4403319e1f0e3
5,real,h1_strict,update_only,6,12370,4.579616117106246,6.476555223274066,0.9552261464159914,0.9551961235142112,0.9551961235142112,7.027150053149779,9.93789090999523,0.8946374548143781,0.8945088818556918,0.8945088818556918,2.4475339360435324,34.82968084545846,100.0,6.0,0.7585592750374277,streaming_receding_h1,h6_guard10,train_plus_validation,"1,2,3,4,6",6,"1,2,3,4",strict_fold_local_streaming,False,3b45e6a8deb5c49969100f9749c368a808803a369977528f3134c3a47be89da1,b24d0ed549d7a4b951e4b7ef9127e939333fb4d41ce231eb2e234f441f8bd4db,e9e7ed3adaa7dfb5b94e9ba9b6ec44eda13931c3190ca17bca1f6ae2d2de0407,<AIRI_SOURCE_ROOT>/outputs/lachance_v166_fit_scope_audit_v189_2026-07-29/v189_fit_scope_metrics.csv,289fdd6ef380f243d11dad9cb21190e5f41416b7282dea60a7a4403319e1f0e3
6,real,h1_strict,update_only,1,12960,4.041356589107575,5.715341298701803,0.5013388054032399,0.5061916197467431,0.5061916197467431,4.150787287998501,5.870099677213318,0.4756700159596101,0.4790871537273188,0.4790871537273188,0.1094306988909261,2.6363841675850694,1000.0,2.0,0.9789098733385192,streaming_receding_h1,h1_strict,train_only,"2,3,4,5",1,"2,3,4,5",strict_fold_local_streaming,False,c5fc0f660aa146b0111c3bb50c7f61cc7215c605292fed022777c2406d791787,0a63451db69d01073fdfa08dde7bb476278335763b942fd515dfc8ae46bbc0e8,a99c20e34f6076d883c72ae6346280165f7ee5c1d0858154bee672a3868aafd9,<AIRI_SOURCE_ROOT>/outputs/lachance_v166_fit_scope_audit_v189_2026-07-29/v189_fit_scope_metrics.csv,289fdd6ef380f243d11dad9cb21190e5f41416b7282dea60a7a4403319e1f0e3
6,real,h1_strict,update_only,2,12638,5.265543925498102,7.446603632710683,0.7322073027676619,0.7365309088628227,0.7365309088628227,5.573299625323043,7.881835917300736,0.70023705483519,0.7048328807683156,0.7048328807683156,0.3077556998249404,5.521965810461915,1000.0,2.0,0.9789098733385192,streaming_receding_h1,h1_strict,train_only,"2,3,4,5",1,"2,3,4,5",strict_fold_local_streaming,False,c5fc0f660aa146b0111c3bb50c7f61cc7215c605292fed022777c2406d791787,0a63451db69d01073fdfa08dde7bb476278335763b942fd515dfc8ae46bbc0e8,a99c20e34f6076d883c72ae6346280165f7ee5c1d0858154bee672a3868aafd9,<AIRI_SOURCE_ROOT>/outputs/lachance_v166_fit_scope_audit_v189_2026-07-29/v189_fit_scope_metrics.csv,289fdd6ef380f243d11dad9cb21190e5f41416b7282dea60a7a4403319e1f0e3
6,real,h1_strict,update_only,4,11997,6.761387401703134,9.562045763947154,0.8608325588322273,0.8636337842410095,0.8636337842410095,7.530094699831211,10.64916205045506,0.82744091818483,0.8308640120212161,0.8308640120212161,0.7687072981280769,10.208467871530324,1000.0,2.0,0.9789098733385192,streaming_receding_h1,h1_strict,train_only,"2,3,4,5",1,"2,3,4,5",strict_fold_local_streaming,False,c5fc0f660aa146b0111c3bb50c7f61cc7215c605292fed022777c2406d791787,0a63451db69d01073fdfa08dde7bb476278335763b942fd515dfc8ae46bbc0e8,a99c20e34f6076d883c72ae6346280165f7ee5c1d0858154bee672a3868aafd9,<AIRI_SOURCE_ROOT>/outputs/lachance_v166_fit_scope_audit_v189_2026-07-29/v189_fit_scope_metrics.csv,289fdd6ef380f243d11dad9cb21190e5f41416b7282dea60a7a4403319e1f0e3
6,real,h1_strict,update_only,6,11361,7.72905845418695,10.930539290285614,0.9017661920284168,0.9043473252060986,0.9043473252060986,8.82927379872645,12.48647875206436,0.8719082504757827,0.8751772045352936,0.8751772045352936,1.1002153445394995,12.460994750193349,1000.0,2.0,0.9789098733385192,streaming_receding_h1,h1_strict,train_only,"2,3,4,5",1,"2,3,4,5",strict_fold_local_streaming,False,c5fc0f660aa146b0111c3bb50c7f61cc7215c605292fed022777c2406d791787,0a63451db69d01073fdfa08dde7bb476278335763b942fd515dfc8ae46bbc0e8,a99c20e34f6076d883c72ae6346280165f7ee5c1d0858154bee672a3868aafd9,<AIRI_SOURCE_ROOT>/outputs/lachance_v166_fit_scope_audit_v189_2026-07-29/v189_fit_scope_metrics.csv,289fdd6ef380f243d11dad9cb21190e5f41416b7282dea60a7a4403319e1f0e3
6,real,h1_strict,update_only,1,12960,4.038026624282792,5.710632017284371,0.5024356293130279,0.5070050530803207,0.5070050530803207,4.150787287998501,5.870099677213318,0.4756700159596101,0.4790871537273188,0.4790871537273188,0.1127606637157088,2.7166090645440355,1000.0,2.0,0.9789098733385192,streaming_receding_h1,h1_strict,train_plus_validation,"2,3,4,5,1",1,"2,3,4,5",strict_fold_local_streaming,False,c5fc0f660aa146b0111c3bb50c7f61cc7215c605292fed022777c2406d791787,0a63451db69d01073fdfa08dde7bb476278335763b942fd515dfc8ae46bbc0e8,a99c20e34f6076d883c72ae6346280165f7ee5c1d0858154bee672a3868aafd9,<AIRI_SOURCE_ROOT>/outputs/lachance_v166_fit_scope_audit_v189_2026-07-29/v189_fit_scope_metrics.csv,289fdd6ef380f243d11dad9cb21190e5f41416b7282dea60a7a4403319e1f0e3
6,real,h1_strict,update_only,2,12638,5.247475023605854,7.421050346597475,0.7340568560699678,0.7383360135764542,0.7383360135764542,5.573299625323043,7.881835917300736,0.70023705483519,0.7048328807683156,0.7048328807683156,0.3258246017171888,5.846170556428738,1000.0,2.0,0.9789098733385192,streaming_receding_h1,h1_strict,train_plus_validation,"2,3,4,5,1",1,"2,3,4,5",strict_fold_local_streaming,False,c5fc0f660aa146b0111c3bb50c7f61cc7215c605292fed022777c2406d791787,0a63451db69d01073fdfa08dde7bb476278335763b942fd515dfc8ae46bbc0e8,a99c20e34f6076d883c72ae6346280165f7ee5c1d0858154bee672a3868aafd9,<AIRI_SOURCE_ROOT>/outputs/lachance_v166_fit_scope_audit_v189_2026-07-29/v189_fit_scope_metrics.csv,289fdd6ef380f243d11dad9cb21190e5f41416b7282dea60a7a4403319e1f0e3
6,real,h1_strict,update_only,4,11997,6.7231220534694005,9.50793038950608,0.8624085707429796,0.865172916606286,0.865172916606286,7.530094699831211,10.64916205045506,0.82744091818483,0.8308640120212161,0.8308640120212161,0.8069726463618103,10.71663343596328,1000.0,2.0,0.9789098733385192,streaming_receding_h1,h1_strict,train_plus_validation,"2,3,4,5,1",1,"2,3,4,5",strict_fold_local_streaming,False,c5fc0f660aa146b0111c3bb50c7f61cc7215c605292fed022777c2406d791787,0a63451db69d01073fdfa08dde7bb476278335763b942fd515dfc8ae46bbc0e8,a99c20e34f6076d883c72ae6346280165f7ee5c1d0858154bee672a3868aafd9,<AIRI_SOURCE_ROOT>/outputs/lachance_v166_fit_scope_audit_v189_2026-07-29/v189_fit_scope_metrics.csv,289fdd6ef380f243d11dad9cb21190e5f41416b7282dea60a7a4403319e1f0e3
6,real,h1_strict,update_only,6,11361,7.671756720758338,10.849502401723385,0.903203906171104,0.9057603682913844,0.9057603682913844,8.82927379872645,12.48647875206436,0.8719082504757827,0.8751772045352936,0.8751772045352936,1.1575170779681114,13.109991878778002,1000.0,2.0,0.9789098733385192,streaming_receding_h1,h1_strict,train_plus_validation,"2,3,4,5,1",1,"2,3,4,5",strict_fold_local_streaming,False,c5fc0f660aa146b0111c3bb50c7f61cc7215c605292fed022777c2406d791787,0a63451db69d01073fdfa08dde7bb476278335763b942fd515dfc8ae46bbc0e8,a99c20e34f6076d883c72ae6346280165f7ee5c1d0858154bee672a3868aafd9,<AIRI_SOURCE_ROOT>/outputs/lachance_v166_fit_scope_audit_v189_2026-07-29/v189_fit_scope_metrics.csv,289fdd6ef380f243d11dad9cb21190e5f41416b7282dea60a7a4403319e1f0e3
6,real,h1_strict,update_only,1,12960,4.40687520792057,6.232262686727024,0.4090122157064249,0.4128276225452182,0.4128276225452182,4.150787287998501,5.870099677213318,0.4756700159596101,0.4790871537273188,0.4790871537273188,-0.2560879199220691,-6.169622824626942,3000.0,4.0,0.7795134880888692,streaming_receding_h1,h6_guard10,train_only,"2,3,4,5",1,"2,3,4,5",strict_fold_local_streaming,False,c5fc0f660aa146b0111c3bb50c7f61cc7215c605292fed022777c2406d791787,0a63451db69d01073fdfa08dde7bb476278335763b942fd515dfc8ae46bbc0e8,a99c20e34f6076d883c72ae6346280165f7ee5c1d0858154bee672a3868aafd9,<AIRI_SOURCE_ROOT>/outputs/lachance_v166_fit_scope_audit_v189_2026-07-29/v189_fit_scope_metrics.csv,289fdd6ef380f243d11dad9cb21190e5f41416b7282dea60a7a4403319e1f0e3
6,real,h1_strict,update_only,2,12638,4.9777624059382,7.03961910474873,0.7607343503505046,0.7645430467465095,0.7645430467465095,5.573299625323043,7.881835917300736,0.70023705483519,0.7048328807683156,0.7048328807683156,0.5955372193848429,10.685541051461486,3000.0,4.0,0.7795134880888692,streaming_receding_h1,h6_guard10,train_only,"2,3,4,5",1,"2,3,4,5",strict_fold_local_streaming,False,c5fc0f660aa146b0111c3bb50c7f61cc7215c605292fed022777c2406d791787,0a63451db69d01073fdfa08dde7bb476278335763b942fd515dfc8ae46bbc0e8,a99c20e34f6076d883c72ae6346280165f7ee5c1d0858154bee672a3868aafd9,<AIRI_SOURCE_ROOT>/outputs/lachance_v166_fit_scope_audit_v189_2026-07-29/v189_fit_scope_metrics.csv,289fdd6ef380f243d11dad9cb21190e5f41416b7282dea60a7a4403319e1f0e3
6,real,h1_strict,update_only,4,11997,5.887738108173666,8.326519084280108,0.8948140403022941,0.8965972434445845,0.8965972434445845,7.530094699831211,10.64916205045506,0.82744091818483,0.8308640120212161,0.8308640120212161,1.6423565916575449,21.810570213603803,3000.0,4.0,0.7795134880888692,streaming_receding_h1,h6_guard10,train_only,"2,3,4,5",1,"2,3,4,5",strict_fold_local_streaming,False,c5fc0f660aa146b0111c3bb50c7f61cc7215c605292fed022777c2406d791787,0a63451db69d01073fdfa08dde7bb476278335763b942fd515dfc8ae46bbc0e8,a99c20e34f6076d883c72ae6346280165f7ee5c1d0858154bee672a3868aafd9,<AIRI_SOURCE_ROOT>/outputs/lachance_v166_fit_scope_audit_v189_2026-07-29/v189_fit_scope_metrics.csv,289fdd6ef380f243d11dad9cb21190e5f41416b7282dea60a7a4403319e1f0e3
6,real,h1_strict,update_only,6,11361,6.400109230374163,9.051121274264371,0.932830064746044,0.9344128578657952,0.9344128578657952,8.82927379872645,12.48647875206436,0.8719082504757827,0.8751772045352936,0.8751772045352936,2.4291645683522862,27.51262021914728,3000.0,4.0,0.7795134880888692,streaming_receding_h1,h6_guard10,train_only,"2,3,4,5",1,"2,3,4,5",strict_fold_local_streaming,False,c5fc0f660aa146b0111c3bb50c7f61cc7215c605292fed022777c2406d791787,0a63451db69d01073fdfa08dde7bb476278335763b942fd515dfc8ae46bbc0e8,a99c20e34f6076d883c72ae6346280165f7ee5c1d0858154bee672a3868aafd9,<AIRI_SOURCE_ROOT>/outputs/lachance_v166_fit_scope_audit_v189_2026-07-29/v189_fit_scope_metrics.csv,289fdd6ef380f243d11dad9cb21190e5f41416b7282dea60a7a4403319e1f0e3
6,real,h1_strict,update_only,1,12960,4.415417313214168,6.244343047884449,0.4070895955412972,0.4105491149231223,0.4105491149231223,4.150787287998501,5.870099677213318,0.4756700159596101,0.4790871537273188,0.4790871537273188,-0.2646300252156672,-6.375417646209261,3000.0,4.0,0.7795134880888692,streaming_receding_h1,h6_guard10,train_plus_validation,"2,3,4,5,1",1,"2,3,4,5",strict_fold_local_streaming,False,c5fc0f660aa146b0111c3bb50c7f61cc7215c605292fed022777c2406d791787,0a63451db69d01073fdfa08dde7bb476278335763b942fd515dfc8ae46bbc0e8,a99c20e34f6076d883c72ae6346280165f7ee5c1d0858154bee672a3868aafd9,<AIRI_SOURCE_ROOT>/outputs/lachance_v166_fit_scope_audit_v189_2026-07-29/v189_fit_scope_metrics.csv,289fdd6ef380f243d11dad9cb21190e5f41416b7282dea60a7a4403319e1f0e3
6,real,h1_strict,update_only,2,12638,4.973674954858575,7.033838575996389,0.7612032738828725,0.7649295752940624,0.7649295752940624,5.573299625323043,7.881835917300736,0.70023705483519,0.7048328807683156,0.7048328807683156,0.5996246704644674,10.758880928274364,3000.0,4.0,0.7795134880888692,streaming_receding_h1,h6_guard10,train_plus_validation,"2,3,4,5,1",1,"2,3,4,5",strict_fold_local_streaming,False,c5fc0f660aa146b0111c3bb50c7f61cc7215c605292fed022777c2406d791787,0a63451db69d01073fdfa08dde7bb476278335763b942fd515dfc8ae46bbc0e8,a99c20e34f6076d883c72ae6346280165f7ee5c1d0858154bee672a3868aafd9,<AIRI_SOURCE_ROOT>/outputs/lachance_v166_fit_scope_audit_v189_2026-07-29/v189_fit_scope_metrics.csv,289fdd6ef380f243d11dad9cb21190e5f41416b7282dea60a7a4403319e1f0e3
6,real,h1_strict,update_only,4,11997,5.879496892791647,8.314864245716418,0.8951626912889777,0.8968865117422701,0.8968865117422701,7.530094699831211,10.64916205045506,0.82744091818483,0.8308640120212161,0.8308640120212161,1.6505978070395635,21.920013928597232,3000.0,4.0,0.7795134880888692,streaming_receding_h1,h6_guard10,train_plus_validation,"2,3,4,5,1",1,"2,3,4,5",strict_fold_local_streaming,False,c5fc0f660aa146b0111c3bb50c7f61cc7215c605292fed022777c2406d791787,0a63451db69d01073fdfa08dde7bb476278335763b942fd515dfc8ae46bbc0e8,a99c20e34f6076d883c72ae6346280165f7ee5c1d0858154bee672a3868aafd9,<AIRI_SOURCE_ROOT>/outputs/lachance_v166_fit_scope_audit_v189_2026-07-29/v189_fit_scope_metrics.csv,289fdd6ef380f243d11dad9cb21190e5f41416b7282dea60a7a4403319e1f0e3
6,real,h1_strict,update_only,6,11361,6.382612152356934,9.026376669230508,0.9332242185893352,0.934770981337986,0.934770981337986,8.82927379872645,12.48647875206436,0.8719082504757827,0.8751772045352936,0.8751772045352936,2.446661646369515,27.710791421174704,3000.0,4.0,0.7795134880888692,streaming_receding_h1,h6_guard10,train_plus_validation,"2,3,4,5,1",1,"2,3,4,5",strict_fold_local_streaming,False,c5fc0f660aa146b0111c3bb50c7f61cc7215c605292fed022777c2406d791787,0a63451db69d01073fdfa08dde7bb476278335763b942fd515dfc8ae46bbc0e8,a99c20e34f6076d883c72ae6346280165f7ee5c1d0858154bee672a3868aafd9,<AIRI_SOURCE_ROOT>/outputs/lachance_v166_fit_scope_audit_v189_2026-07-29/v189_fit_scope_metrics.csv,289fdd6ef380f243d11dad9cb21190e5f41416b7282dea60a7a4403319e1f0e3
